-158.617996216,59.2826004028
160.054992675781,-9.42800045013428
157.263000488281,-8.32796955108643
-113.305864334,31.351621252
166.919006,-0.547458
154.673004150391,-5.4223198890686
144.970993041992,-6.02429008483887
143.207992554,-9.08675956726
145.391998291,-6.08168983459
150.333999634,-10.3114995956
148.309005737,-8.80453968048
150.404998779297,-5.46217012405396
145.770996094,-7.96361017227
150.807998657,-2.57940006256
145.789001465,-5.20707988739
144.296005249023,-5.82678985595703
143.656997680664,-6.14773988723755
147.42399597168,-2.06188988685608
146.725997925,-6.5698299408
147.220001220703,-9.44338035583496
152.380004883,-4.34045982361
141.302001953125,-2.69717001914978
143.895004272461,-5.64330005645752
143.669006348,-3.58383011818
35.4383010864258,-21.8533000946045
-52.7846984863,68.7218017578
-45.4259986877,61.1604995728
-51.6781005859,64.19090271
-50.7116031647,67.0122218992
-68.7032012939,76.5311965942
-18.0727005004883,65.6600036621094
-14.4013996124268,65.2833023071289
-23.1352996826172,66.0580978393555
-22.6056003570557,63.9850006103516
-21.9405994415,64.1299972534
21.0358009338379,42.5727996826172
-88.4079132080078,16.5193691253662
-88.0325012207031,17.7346992492676
-88.0410995483398,17.7007999420166
-88.4119033813477,18.3822002410889
-88.2309875488281,16.9825096130371
-88.3615112304688,16.5369567871094
-88.8082962036,16.102399826
-88.1307983398438,18.3561000823975
-87.9710998535156,17.9139003753662
-88.1944427490234,17.5163898468018
35.472900390625,-21.5410995483398
122.43,52.9127777778
100.025001526,23.7381000519
101.79852,26.54
113.069999695,23.0832996368
114.599998474,23.0499992371
114.736999512,26.8568992615
106.959999084,23.7206001282
88.0858078003,47.7498855591
105.86000061,34.5593986511
124.286003113,40.0247001648
33.724357605,35.2359466553
-91.8244018554688,51.7271995544434
-93.439697265625,48.6542015075684
-84.5093994140625,46.4850006103516
-88.6427993774414,53.5247001647949
-69.9991989135742,60.0271987915039
-82.4319000244141,52.9275016784668
-96.0100021362,50.2943992615
-56.0830993652,51.3918991089
-125.775604248,49.0798255464
-68.2043991088867,49.1324996948242
-108.481002807617,59.5614013671875
-70.9963989257812,48.3306007385254
-96.077796936,64.2988967896
-125.271003723145,49.9508018493652
-57.1852989197,51.4435997009
-57.0419006347656,53.6828002929688
-105.138000488,69.1081008911
-123.869862556,49.0549702249
-117.632003784,49.2963981628
-115.143997192,67.8167037964
-90.7311019897,63.3469009399
-68.5167007446,70.4860992432
-139.128005981445,64.043098449707
-57.3913993835449,49.2108001708984
-100.052001953125,51.1007995605469
-61.6803016662598,56.5491981506348
-120.182998657227,55.7422981262207
-113.580001831,53.3097000122
-94.0708007812,61.0942001343
-87.6761016845703,56.0189018249512
-133.483001709,68.3041992188
-81.6968994140625,52.2014007568359
-68.5558013916,63.756401062
-66.5372009277344,45.8689002990723
-87.9077987670898,51.5619010925293
-101.681999206543,54.6781005859375
-121.236999511719,61.7602005004883
-59.1864013671875,55.0769004821777
-124.517997741699,49.6941986083984
-128.651000976562,66.2407989501953
-76.5969009399414,44.2252998352051
-77.7042007446289,53.625301361084
-94.4914016723633,54.5588989257812
-64.4785995483,48.7752990723
-61.7780990600586,47.4247016906738
-81.8161010742,69.3647003174
-77.7652969360352,55.2818984985352
-94.7106018066406,56.3574981689453
-82.9092025757,76.4261016846
-69.6177978515625,61.0463981628418
-92.7442016601562,49.8316993713379
-76.1355972290039,51.6911010742188
-117.805999755859,70.7628021240234
-95.8497009277,68.635597229
-79.9349975586,43.1735992432
-60.2285995483398,55.448299407959
-59.6366996765137,50.4688987731934
-73.4169006348,45.5175018311
-115.782997131,60.8396987915
-63.5085983276,44.8807983398
-77.9253005981445,62.4173011779785
-77.9666976929,72.6832962036
-94.6536026000977,53.8572006225586
-58.5499992370605,48.5442008972168
-120.444000244,50.7022018433
-135.005996704102,68.2232971191406
-80.3786010742,43.4608001709
-71.929397583,61.5886001587
-66.8052978515625,54.8053016662598
-78.1485977172852,60.8185997009277
-78.75830078125,51.4733009338379
-69.5997009277344,59.2966995239258
-69.8833007812,62.8499984741
-87.934196472168,52.1955986022949
-110.681999206543,62.4183006286621
-110.072998046875,53.3092002868652
-65.9927978515625,58.7113990783691
-119.377998352,49.9561004639
-55.8471984863281,52.3027992248535
-111.222000122,56.653301239
-80.6078033447266,51.2910995483398
-74.5280990600586,49.771900177002
-76.5183029174805,56.5360984802246
-61.7891998291016,50.189998626709
-78.8311004638672,53.0106010437012
-97.8442001342773,53.9583015441895
-104.082000732422,58.2766990661621
-139.839004516602,67.5706024169922
-95.2789001464844,54.9333000183105
-117.165000915527,58.6213989257812
-119.407997131348,58.4914016723633
-75.6691970825,45.3224983215
-105.672996521,53.2141990662
-124.075469971,69.3608381154
-117.446998596191,56.2268981933594
-78.0768966674805,58.4719009399414
-90.2142028808594,51.4463996887207
-93.9732971191406,51.8196983337402
-85.4432983398438,54.9880981445312
-130.445007324,54.2860984802
-124.5,49.8342018127441
-111.116996765137,58.7672004699707
-71.3933029175,46.7910995483
-101.091003417969,53.9714012145996
-82.9555969238281,42.2756004333496
-94.3630981445312,49.7882995605469
-112.800003052,49.6302986145
-64.678596496582,46.1122016906738
-86.696403503418,50.1828002929688
-124.887001037598,49.7108001708984
-104.666000366211,50.4319000244141
-89.3238983154297,48.371898651123
-118.885002136,55.1796989441
-54.5680999755859,48.9369010925293
-60.0477981567,46.1613998413
-122.51000213623,53.0261001586914
-117.309997558594,64.116096496582
-94.9693984985,74.7169036865
-72.2656021118164,48.5200004577637
-93.793098449707,51.0668983459473
-92.1157989502,62.8114013672
-80.7988967895508,46.625
-105.841003417969,59.250301361084
-65.8902969360352,45.3161010742188
-79.2466964722,56.5377998352
-111.96199798584,60.0203018188477
-94.8518981933594,53.8456001281738
-125.242996216,71.9938964844
-76.5267028809,64.2300033569
-71.6418991089,48.5088996887
-97.8641967773438,55.8011016845703
-89.8968963623047,53.817798614502
-81.376701355,48.5696983337
-79.3962020874,43.6274986267
-133.026000976562,69.4332962036133
-73.7407989502,45.4706001282
-86.2247009277,66.5214004517
-81.2425,68.7761001587
-78.8356018066406,48.2061004638672
-105.262001038,55.1514015198
-64.0314025879,67.5457992554
-77.7827987671,48.0532989502
-68.4269027709961,58.0960998535156
-126.797996520996,65.2816009521484
-123.183998108,49.193901062
-94.0614013671875,52.6557998657227
-97.2398986816,49.9099998474
-123.435997009277,65.2110977172852
-66.8644027709961,52.9219017028809
-122.054000854,52.1831016541
-87.3748683929,52.9593933975
-115.781997680664,49.6108016967773
-106.699996948242,52.1707992553711
-110.721000671387,50.0189018249512
-120.73999786377,56.2380981445312
-91.9052963256836,50.113899230957
-92.5980987549,62.2400016785
-65.7136001587,66.1449966431
-122.679000854,53.8894004822
-128.57600402832,54.4684982299805
-81.1539001465,43.0355987549
-122.361000061035,49.0252990722656
-135.067001343,60.7095985413
-79.4227981567383,46.3636016845703
-114.019996643,51.113899231
-127.182998657227,54.8246994018555
-122.597000122,58.8363990784
-119.601997375488,49.4631004333496
-63.1211013793945,46.2900009155273
-93.5766983032,69.5466995239
-123.426002502,48.646900177
-101.075996398926,56.863899230957
-94.0650024414062,58.739200592041
-60.4258003235,53.3191986084
-52.7518997192,47.618598938
-82.4674987792969,49.4138984680176
-68.2080993652344,48.6086006164551
-79.6305999756,43.6772003174
-114.440002441406,62.4627990722656
-75.6671981811523,62.1794013977051
-131.813995361,53.2542991638
-82.3088989257812,42.9994010925293
-83.3593978882,64.1932983398
-127.366996765137,50.6805992126465
-66.2656021118164,50.2233009338379
-96.0892028808594,56.0894012451172
-95.613899231,56.0614013672
-65.738899231,47.629699707
-78.5224990844727,52.2263984680176
-107.181999206543,59.334400177002
-134.860992431641,67.4075012207031
-125.572998046875,64.9096984863281
-94.0785980224609,54.8396987915039
-101.236000061035,52.1206016540527
-81.6778030395508,52.2825012207031
-91.7628021240234,53.4413986206055
-132.125,54.0275001525879
-92.196403503418,53.8911018371582
-91.3127975463867,52.9435997009277
-93.3443984985352,53.0642013549805
-92.0813980102539,55.8656005859375
-103.171997070312,58.1068992614746
5.06992006302,36.7120018005
3.21540999412537,36.6910018920898
9.45244026184,24.2928009033
8.62265014648,26.7234992981
5.32449007034,36.1781005859
5.45107984543,22.8115005493
5.87361001968,36.7951011658
7.80916976928711,36.8222007751465
6.62038993835449,36.2760009765625
8.12071990967,35.4315986633
6.3085899353,35.7521018982
3.31153988838196,32.9304008483887
-8.1670999527,27.7003993988
-1.45000004768,35.0167007446
-0.621182978153,35.6239013672
-2.26986002922058,31.6457004547119
-0.186414003372192,27.8376007080078
5.73823022842,34.7933006287
2.85959005355835,30.5713005065918
3.79411005973816,32.3841018676758
6.14043998718,31.6730003357
2.51202011108,27.2509994507
6.0886697769165,33.067798614502
6.77679014206,33.5113983154
0.276033014059,29.2371006012
5.41277980804443,31.917200088501
9.64291000366,28.0515003204
2.38435006141663,6.3572301864624
-1.51242005825043,12.3531999588013
-4.33096981048584,11.1600999832153
-0.166786000132561,5.60518980026245
-0.863214015960693,9.55718994140625
-1.59081995487213,6.71456003189087
-2.32875990867615,7.36183023452759
-1.77476000785828,4.8960599899292
-3.9262900352478,5.261390209198
-5.07366991043091,7.73880004882812
7.26316976547241,9.00679016113281
8.093,4.8725
5.30101013183594,7.24673986434937
5.59950017929077,6.31697988510132
8.34720039367676,4.97601985931396
7.56196022033691,6.47426986694336
3.97832989692688,7.36246013641357
4.49391984939575,8.44021034240723
7.20602989196777,5.4270601272583
8.86905002593994,9.63982963562012
7.32010984420776,10.6960000991821
8.52462005615234,12.0475997924805
13.0809001922607,11.855299949646
3.32116007804871,6.57737016677856
6.94959020614624,5.01549005508423
5.20719003677368,12.9162998199463
12.4303998947144,9.25755023956299
2.18360996246338,13.481499671936
8.00010967254639,16.9659996032715
8.98375988006592,13.7790002822876
8.87693977355957,36.9799995422363
10.7546997070312,35.7580986022949
10.2271995544434,36.851001739502
8.82250022888184,34.4220008850098
10.1033000946045,33.8768997192383
10.7755002975464,33.875
10.6909999847412,34.7179985046387
8.11056041717529,33.9397010803223
1.25451004505157,6.16560983657837
4.46027994156,51.1893997192
4.48443984985,50.9014015198
4.45382022857666,50.4592018127441
5.4432201385498,50.6374015808105
2.8622200489,51.1988983154
12.5063886642456,50.9819450378418
14.152299881,53.8787002563
13.522500038147,52.3800010681152
13.7672004699707,51.1328010559082
10.9581003189087,50.9798011779785
8.54312992096,50.0264015198
7.68483018875,52.134601593
9.98822975158691,53.6304016113281
7.1427397728,50.8658981323
6.76677989959717,51.2895011901855
11.7861003875732,48.3538017272949
11.0669002533,49.4986991882
12.2416000366211,51.4323997497559
7.10950994492,49.2145996094
9.22196006774902,48.6898994445801
13.2876996994019,52.559700012207
9.68507957458,52.461101532
8.78666973114,53.0475006104
7.26388978958,49.9486999512
8.51416683197021,49.4730567932129
10.1452779769897,54.3794441223145
10.7192001343,53.8054008484
10.2395000458,47.9888000488
8.61631965637,51.6141014099
6.14216995239258,51.6024017333984
7.61223983765,51.5182991028
9.51148986816,47.6712989807
11.8563890457153,50.2886123657227
8.08049964905,48.7793998718
10.5560998916626,52.3191986083984
8.34047031403,54.9132003784
22.8306999206543,58.9907989501953
22.50950050354,58.2299003601074
24.4727993011475,58.4189987182617
24.8327999115,59.4132995605
26.6903991699,58.3074989319
23.4242992401123,68.3626022338867
24.9633007049561,60.3171997070312
27.4053001403809,68.6072998046875
29.6075000762939,62.662899017334
25.6783008575439,62.3995018005371
24.5820999145508,65.7787017822266
27.6923999786377,64.2854995727539
23.1431007385254,63.7211990356445
29.2394008636475,65.9876022338867
24.8467998504639,67.7009963989258
27.7978000640869,63.0070991516113
28.1443996429443,61.0446014404297
19.8981990814209,60.122200012207
25.3546009063721,64.9300994873047
21.7999992370605,61.4617004394531
25.8304004669189,66.5647964477539
28.9451007843018,61.9430999755859
22.8323001861572,62.6921005249023
23.6044006347656,61.4141006469727
22.2628002166748,60.5140991210938
21.7621994018555,63.0507011413574
27.8686008453369,62.1711006164551
-6.21582984924,54.6575012207
-5.87249994277954,54.6180992126465
-7.16110992431641,55.0428009033203
-1.74802994728,52.4538993835
-1.0791699886322,52.9199981689453
-2.27495002746582,53.3536987304688
-1.01065635681,53.4805378105
-5.6863899230957,55.437198638916
-2.77221989631653,59.190601348877
-1.62805998325348,59.5358009338379
-3.34332990646362,51.3967018127441
-2.7190899848938,51.3827018737793
-2.8497200012207,53.3335990905762
-0.368333011865616,51.874698638916
-5.67055988311768,50.1027984619141
-4.10583019256592,50.4227981567383
-6.29166984558105,49.9132995605469
-1.84249997138977,50.7799987792969
-1.35679996013641,50.9502983093262
-4.99540996551514,50.440601348877
-2.21472001075745,49.7061004638672
-2.60196995735168,49.435001373291
-2.1955099105835,49.2079010009766
-0.190277993679047,51.1481018066406
0.0552779994904995,51.505298614502
-0.461941003799,51.4706001282
0.695555984973907,51.5713996887207
0.939167022705078,50.9561004638672
-3.02860999107361,53.7717018127441
-0.350832998752594,53.5744018554688
-1.66057002544403,53.8658981323242
-2.97778010368347,53.1781005859375
-4.6238899230957,54.0833015441895
-1.69166994094849,55.0374984741211
-1.42940998077393,54.5092010498047
-1.32806003094,52.8311004639
-4.53533983231,53.2481002808
-2.90499997138977,58.9578018188477
-1.29556000232697,59.8788986206055
-3.09306001663208,58.4589004516602
-2.19777989387512,57.2019004821777
-4.0475001335144,57.5424995422363
-4.43306016922,55.8718986511
-3.37249994277954,55.9500007629395
-6.25666999816895,55.6819000244141
-4.586669921875,55.5093994140625
-7.36278009414673,57.4810981750488
-3.02583003044128,56.4524993896484
-6.33111000061035,58.2155990600586
-7.44305992126465,57.0228004455566
-6.86917018890381,56.4991989135742
1.28278005123,52.6758003235
0.234999999404,51.8849983215
-3.41388988494873,50.7344017028809
-1.58361995220184,51.75
-58.4472007751465,-51.8227996826172
4.76388978958,52.3086013794
5.77014017105,50.9117012024
5.37452983856,51.4500999451
6.57944011688,53.1197013855
4.43722009659,51.9569015503
-8.49110984802246,51.8413009643555
-8.94159030914307,53.3002014160156
-8.34099960327148,55.0442008972168
-6.27007007598877,53.4212989807129
-8.81849002838135,53.9103012084961
-9.52377986907959,52.1809005737305
-8.92481994628906,52.7019996643066
-8.59920978546143,54.280200958252
-7.08695983886719,52.187198638916
10.6190004349,56.2999992371
9.15178012848,55.7402992249
12.6560001373291,55.6179008483887
8.55340003967285,55.5259017944336
9.12462997436523,56.2975006103516
10.3309001922607,55.4766998291016
14.7595996856689,55.0633010864258
9.79172992706299,54.9644012451172
10.2293996811,57.5035018921
-7.27721977233887,62.0635986328125
9.84924316406,57.0927589138
6.21152019500732,49.6265983581543
6.11969995498657,62.5625
16.1441993713379,69.2925033569336
23.3717002868652,69.9760971069336
12.2174997329712,65.4610977172852
14.3653001785278,67.2692031860352
5.21814012527466,60.293399810791
29.6914005279541,70.6005020141602
29.034200668335,70.8713989257812
8.08537006378174,58.2042007446289
18.5403995513916,69.0558013916016
16.6781005859375,68.4913024902344
9.28806018829346,61.0155982971191
5.02472019195557,61.5835990905762
11.1003999710083,60.1939010620117
5.20836019515991,59.3452987670898
23.6686000823975,70.6797027587891
25.9836006164551,71.0096969604492
7.82452011108398,63.1118011474609
29.891300201416,69.7257995605469
13.6093997955322,68.1524963378906
27.8267002105713,71.0297012329102
7.26249980926514,62.744701385498
13.2149000167847,65.7839965820312
24.9734992980957,70.0688018798828
17.3866996765137,68.436897277832
9.60400009155273,63.6988983154297
6.07410001754761,62.1800003051758
14.3014001846313,66.363899230957
11.1461000442505,64.8383026123047
11.3423004150391,62.5783996582031
10.7855997086,59.3788986206
15.4656000137329,78.2461013793945
14.6691999435425,68.2433013916016
15.0334167480469,68.5788269042969
5.34084987640381,59.7919006347656
20.959400177002,69.7867965698242
31.044900894165,70.3554000854492
12.4688997268677,65.9568023681641
18.9188995361328,69.6832962036133
10.258600235,59.1866989136
10.923999786377,63.4578018188477
29.8446998596191,70.065299987793
5.63778018951416,58.8767013549805
17.9776992798,53.0968017578
18.4661998748779,54.3776016235352
19.7847995758057,50.0777015686035
19.0799999237,50.4743003845
19.3980998993,51.7219009399
20.6518001556,52.4510993958
16.8262996674,52.4210014343
22.0189990997,50.1100006104
14.9021997452,53.5847015381
20.9671001434,52.1656990051
16.885799408,51.1026992798
15.7986001968,52.1385002136
15.2650003433228,56.2667007446289
12.2798004150391,57.6627998352051
14.068699836731,57.7575988769531
11.870400428772,57.7747001647949
12.3450002670288,58.3180999755859
14.5114002227783,60.9579010009766
16.9122009277344,58.7886009216309
14.0854997634888,55.9216995239258
16.4979991912842,57.3504981994629
16.2875995635986,56.6855010986328
13.3761978149,55.536305364
12.8201999664307,56.6911010742188
14.7279996871948,56.9291000366211
14.4229001998901,62.0477981567383
20.8145999908447,67.1324005126953
17.7688999176025,63.0485992431641
18.7161998748779,64.5483016967773
17.4438991546631,62.5280990600586
18.9899997711182,63.4082984924316
20.336799621582,67.8219985961914
21.0769004821777,64.6248016357422
20.2828006744385,63.7918014526367
16.8335990905762,64.5791015625
19.2819004058838,65.5903015136719
14.5003004074097,63.1944007873535
15.0380001068115,59.2237014770508
13.5789003372192,60.0200996398926
13.3374004364,59.4446983337
16.6336002349854,59.5894012451172
22.1219997406006,65.5438003540039
17.9186000823975,59.6519012451172
17.9416999816895,59.3544006347656
15.5151996612549,60.4220008850098
15.8233003616333,57.5257987976074
15.6805000305,58.4062004089
16.2506008148193,58.5862998962402
12.9912996292,60.1576004028
18.3462009429932,57.6627998352051
12.8471002578735,56.2961006164551
17.6965999603271,64.9608993530273
15.082799911499,65.8060989379883
12.2783002853,53.9182014465
21.0969009399414,56.5175018310547
23.9710998535156,56.9235992431641
21.5442008972,57.35779953
24.0848007202148,54.9639015197754
21.093900680542,55.973201751709
25.2858009338379,54.6341018676758
26.302400589,-29.0926990509
18.6016998291,-33.9648017883
30.9505004883,-29.9701004028
27.8258991241,-33.0355987549
22.378900528,-34.0055999756
28.1511993408,-26.2425003052
28.2460002899,-26.1392002106
24.7651996613,-28.8027992249
31.1056003571,-25.3831996918
27.9260997772,-25.9384994507
31.1197222222,-29.6144444444
31.5445995330811,-24.8180999755859
30.343000412,-30.8574008942
25.5480003357,-25.7984008789
25.6173000336,-33.9849014282
31.1553993225,-23.9372005463
29.4843997955,-23.9260997772
30.3987007141,-29.6490001678
29.4585990906,-23.8453006744
32.0920982361,-28.7409992218
21.2602005005,-28.39909935
28.6733551025,-31.5463631849
27.4745006561279,-21.1595993041992
24.6909999847412,-24.6023006439209
25.1623992919922,-17.8328990936279
23.4311008453369,-19.9726009368896
25.9181995391846,-24.5552005767822
27.828800201416,-22.0583000183105
15.2530002593994,-4.25169992446899
12.6599,-4.20635
11.8865995407104,-4.81603002548218
31.3075008392334,-26.5289993286133
18.5188007354736,4.39847993850708
9.80568027496338,1.90547001361847
8.70872020721436,3.75527000427246
57.6836013793945,-20.4302005767822
63.3610000610352,-19.7576999664307
9.71947956085,4.0060801506
14.257399559021,10.4513998031616
13.5592002868652,7.35700988769531
13.3701000213623,9.33588981628418
11.5235004425049,3.83604001998901
11.5532999038696,3.72255992889404
25.8227005004883,-17.8218002319336
28.4526004791,-15.3308000565
31.9365997314453,-13.2588996887207
28.6648998260498,-12.9981002807617
43.271900177002,-11.5336999893188
43.7663993835449,-12.2981004714966
44.4303016662598,-12.1316995620728
45.2811012268066,-12.8046998977661
55.5102996826172,-20.8871002197266
55.4249992370605,-21.3208999633789
47.4788017273,-18.7968997955
45.4508018493652,-19.5627994537354
49.8157997131348,-17.093900680542
49.3925018310547,-18.1095008850098
44.3176002502441,-20.2847003936768
49.2916984558105,-12.3493995666504
49.7737998962402,-16.1639003753662
50.3202018737793,-14.999400138855
47.763801574707,-14.6296997070312
46.3512325287,-15.6668417421
48.3148002625,-13.3121004105
44.4824838638,-16.7445302965
49.6883010864258,-15.4366998672485
50.1747016906738,-14.2785997390747
50.002799987793,-13.3758001327515
47.9939002990723,-14.8987998962402
46.9561004638672,-25.0380992889404
47.1116981506348,-21.4416007995605
48.0217018127441,-22.1196994781494
48.3582992553711,-21.2017993927002
43.3754997253418,-21.7539005279541
43.7285003662109,-23.3833999633789
14.2469997406006,-6.26989984512329
12.1884002685547,-5.59699010848999
13.4869003295898,-12.4792003631592
20.8185005187988,-7.40088987350464
15.6837997436523,-17.0435009002686
15.7604999542236,-12.8088998794556
13.2312002182007,-8.85836982727051
16.3124008178711,-9.52509021759033
17.7198009490967,-14.657600402832
12.1468000411987,-15.2611999511719
15.2876996994019,-7.75450992584229
12.3718004226685,-6.14108991622925
13.5749998092651,-14.9246997833252
12.4413003921509,-1.18461000919342
11.0566997528076,-1.84513998031616
11.5813999176025,1.54311001300812
8.75438022613525,-0.711739003658295
12.8908996582031,0.579210996627808
9.4122800827,0.458600014448
13.4379997253418,-1.65615999698639
7.41173982620239,1.66294002532959
6.71215009689331,0.378174990415573
34.907600402832,-19.7964000701904
33.4290008544922,-19.1513004302979
35.4085006713867,-23.8763999938965
35.266300201416,-13.2740001678467
32.5726013183594,-25.9207992553711
39.2817993164062,-15.1056003570557
40.5240135192871,-12.9917621612549
36.8690986633301,-17.8554992675781
33.6402015686035,-16.1047992706299
35.3133010864258,-22.0184001922607
55.521800994873,-4.67433977127075
55.6913986206055,-4.31929016113281
20.8442993164062,13.8470001220703
16.0713996887207,8.62440967559814
15.0340003967285,12.1337003707886
28.6179008483887,-20.0174007415771
25.8390007019043,-18.0958995819092
31.0928001403809,-17.9318008422852
34.9739990234375,-15.6791000366211
33.78099823,-13.7894001007
34.0117988586426,-11.4447002410889
27.5524997711182,-29.4622993469238
15.2428998947144,-26.6874008178711
15.9525995254517,-17.8782005310059
16.4466991424561,-28.5846996307373
17.0804004669189,-22.6121997833252
17.4708995819092,-22.4799003601074
15.4446001053,-4.38574981689
17.3817005157471,-3.31132006645203
18.7856006622314,-5.03576993942261
18.2887001038,0.0226000007242
20.9752998352051,4.25321006774902
19.7712993622,3.23536992073
25.3379993439,0.481638997793
27.5883007049561,2.82761001586914
30.2208003997803,1.56571996212006
29.2385005950928,-1.67080998420715
25.9153995514,-2.91917991638
27.5308990479,-11.5913000107
25.5056991577148,-10.7658996582031
29.25,-5.87555980682373
22.4692001343,-5.90005016327
23.5690002441,-6.12124013901
-7.94994020462036,12.5334997177124
-0.00545600010082126,16.2483997344971
-11.4043998718262,14.4812002182007
-4.07955980300903,14.5128002166748
-3.00758004188538,16.7304992675781
-0.75,60.4169998168945
-16.6522006988525,13.3380002975464
-13.8638000488281,28.4526996612549
-17.8871002197266,27.8148002624512
-17.7555999755859,28.6264991760254
-15.3865995407104,27.9319000244141
-13.6051998138428,28.945499420166
-16.5725002289,28.044500351
-16.3414993286,28.4827003479
-2.9562599659,35.279800415
-12.5188999176025,7.53242015838623
-11.7609996795654,7.9443998336792
-11.1766004562378,7.89129018783569
-13.1955003738403,8.61643981933594
-11.0453996658325,8.61046981811523
-15.6536998748779,11.8948001861572
-10.7587003707886,6.28906011581421
-10.3622999191284,6.23378992080688
-9.41306972503662,30.3250007629395
-11.1612997055054,28.4482002258301
-4.97796010971,33.9272994995
-4.39833021164,31.9475002289
-1.92399001121521,34.7872009277344
-11.6847000122,26.7318000793
-6.75152015686035,34.0514984130859
-15.9320001602173,23.7182998657227
-13.2192001342773,27.1516990661621
-7.58997011184692,33.3675003051758
-3.0282099247,34.9888000488
-8.03629970551,31.6068992615
-6.90943002701,30.9391002655
-3.83951997756958,35.1771011352539
-16.2817993164062,12.5556001663208
-16.7460994720459,12.4102001190186
-17.4902000427246,14.7397003173828
-13.3227996826172,15.5936002731323
-16.4631996154785,16.0508003234863
-13.6531000137329,13.7368001937866
-15.9484996795654,18.0981998443604
-17.0300006866455,20.9330997467041
-13.612,9.57689
-22.9493999481201,16.7413997650146
-22.8889007568359,16.1364994049072
-23.2136993408203,15.1559000015259
-23.4934997558594,14.9245004653931
-24.2847003936768,16.588399887085
38.7993011475,8.97789001465
37.5904998779297,6.03939008712769
38.7728004455566,14.1468000411987
37.3216018676758,11.608099937439
41.8541984558105,9.62469959259033
34.5630989074707,8.12876033782959
37.4339981079102,12.5199003219604
43.5786018372,5.93513011932
39.0059,8.7163
36.8166007995605,7.66609001159668
34.5862998962402,10.018500328064
29.3185005187988,-3.32401990890503
44.0887985229492,9.51817035675049
44.9411010742188,10.3892002105713
45.3046989440918,2.01444005966187
43.1595001220703,11.5473003387451
33.8358001709,31.073299408
31.0119991302,27.0464992523
29.9489002227783,31.1839008331299
29.6963996887207,30.9176998138428
31.611700058,22.3759994507
31.4055995941162,30.1219005584717
33.7994003295898,27.1783008575439
32.7066001892,25.670999527
34.5836982727,25.557100296
31.7427777778,26.3427777778
34.3950004578,27.9773006439
32.8199996948,23.9643993378
38.910701751709,15.2918996810913
39.3700981140137,15.6700000762939
42.6450004577637,13.0718002319336
37.253101348877,-2.64505004882812
35.238899230957,0.404457986354828
36.9277992249,-1.31923997402
34.7289009094238,-0.0861390009522438
34.348201751709,4.20412015914917
40.9131011962891,-2.25241994857788
40.1016998291016,-3.22931003570557
39.5942001342773,-4.03483009338379
35.008056640625,-1.40611100196838
36.8148002624512,-1.32172000408173
37.0410079956055,-0.06239889934659
40.0915985107422,1.73324000835419
16.5949993134,31.0634994507
10.1426000595,25.1455993652
23.3139991760254,24.1786994934082
20.2695007324,32.0968017578
13.2760000228882,32.894100189209
21.9643001556396,32.7887001037598
14.4724998474121,26.9869995117188
13.1590003967,32.6635017395
9.71531009674072,30.1516990661621
30.1394996643,-1.96862995625
28.9078998565674,-2.46223998069763
30.4300994873,19.1539001465
25.3246002197266,13.6148996353149
36.328800201416,15.3874998092651
30.2327003479004,13.1532001495361
37.2341003417969,19.4335994720459
31.6011009216,4.87201023102
31.6522006988525,9.55897045135498
32.5531997680664,15.5895004272461
27.9750003815,7.72583007812
36.63330078125,-3.36778998374939
39.2025985718,-6.87810993195
37.0745010376,-3.42940998077
40.1818008422852,-10.3390998840332
32.9327011108398,-2.4444899559021
39.0712013244629,-5.09236001968384
39.224899292,-6.22202014923
30.9169998168945,3.04999995231628
32.4435005187988,0.0423859991133213
32.271800994873,2.80556011199951
33.6227989196777,1.72768998146057
35.4528007507324,-21.7080001831055
117.255556,-0.373611
137.031997681,-3.73955988884
46.6027793884277,30.5465183258057
108.831111111,29.5133333333
-75.440803527832,40.652099609375
-99.6819000244,32.4113006592
-106.609001159668,35.0401992797852
-98.4217987060547,45.4491004943848
-84.1945037841797,31.5354995727539
-70.06020355,41.25310135
-97.2304992675781,31.6112995147705
-124.109001159668,40.978099822998
-74.5772018432617,39.4575996398926
-92.5497970581055,31.3274002075195
-81.9645004272461,33.3698997497559
-83.326301574707,33.948600769043
-73.8016967773438,42.7482986450195
-105.990997314453,32.839900970459
-92.4002990722656,42.5570983886719
-118.288002,46.09489822
-101.706001281738,35.2193984985352
-78.31999969,40.29639816
-83.56030273,45.0780983
-76.0216979980469,43.9919013977051
-106.8690033,39.22320175
-84.4281005859375,33.6366996765137
-97.15470123,44.91400146
-69.7973022461,44.3205986023
-97.6698989868164,30.1944999694824
-82.5418014526367,35.4361991882324
-75.7233963013,41.3385009766
-85.5521011352539,42.2349014282227
-72.6831970215,41.9388999939
-73.1261978149414,41.163501739502
-78.6400985717773,41.8031005859375
-103.5960007,41.87400055
-122.302001953125,47.5299987792969
-75.97979736,42.20869827
-68.8281021118164,44.8073997497559
-68.3615036,44.45000076
-86.75350189,33.56290054
-108.542999267578,45.8077011108398
-100.746002197266,46.7727012634277
-81.1241989136,37.7873001099
-81.2077026367188,37.2957992553711
-122.53800201416,48.7928009033203
-88.91590118,40.47710037
-86.6781997680664,36.1245002746582
-116.2229996,43.56439972
-71.00520325,42.36429977
-94.0206985473633,29.9507999420166
-81.4664993286133,31.2588005065918
-94.13809967,46.39830017
-91.1255035400391,40.7831993103027
-97.4259033203125,25.9067993164062
-112.497001647949,45.9547996520996
-91.14959717,30.53319931
-73.1532974243,44.4719009399
-78.73220062,42.94049835
-118.359001159668,34.2006988525391
-76.66829681,39.17539978
-111.1529999,45.77750015
-81.119499206543,33.9388008117676
-81.4421997070312,40.9160995483398
-113.098999023438,37.701000213623
-124.2369995,41.78020096
-89.57080078125,37.2252998352051
-85.2037963867188,35.0353012084961
-78.4529037475586,38.138599395752
-80.04049683,32.89860153
-91.7108001708984,41.8847007751465
-84.4723968505859,46.2508010864258
-80.2281036377,39.2966003418
-81.8498001099,41.4117012024
-96.36380005,30.58860016
-123.5,48.1202011108398
-80.9430999755859,35.2140007019043
-82.8918991088867,39.9980010986328
-88.27809906,40.03919983
-88.4890975952148,47.168399810791
-104.263000488281,32.3375015258789
-104.700996398926,38.8058013916016
-92.219596862793,38.8180999755859
-106.4639969,42.90800095
-97.5011978149414,27.7703990936279
-81.5932006835938,38.3731002807617
-84.9389038085938,32.516300201416
-84.6678009033,39.0488014221
-104.8119965,41.15570068
-81.0580978393555,29.1798992156982
-96.8517990112305,32.8470993041992
-84.2193984985352,39.902400970459
-90.70950317,42.40200043
-77.0376968383789,38.8521003723145
-99.9655990600586,37.7634010314941
-88.8656997680664,39.8345985412598
-104.672996520996,39.8616981506348
-97.0380020141602,32.896800994873
-85.4496002197266,31.3213005065918
-92.193603515625,46.842098236084
-93.6631011962891,41.5340003967285
-83.353401184082,42.2123985290527
-78.8986969,41.17829895
-91.4842987060547,44.8657989501953
-106.9179993,39.64260101
-115.791999816895,40.8249015808105
-92.8133010864258,33.2210006713867
-76.8916015625,42.1599006652832
-106.3779984,31.80719948
-80.1738667488,42.0831270134
-123.21199798584,44.1245994567871
-87.5324020386,38.0369987488
-70.956901550293,41.6761016845703
-77.0429000854,35.0730018616
-74.168701171875,40.6925010681152
-81.7595977783203,24.5561008453369
-96.815803527832,46.9207000732422
-119.718002319336,36.7761993408203
-78.8803024291992,34.9911994934082
-110.34400177002,31.5884990692139
-111.6709976,35.13850021
-80.152702331543,26.0725994110107
-79.7238998413086,34.1853981018066
-83.7435989379883,42.9654006958008
-94.19259644,42.55149841
-96.741897583,43.5820007324
-94.3674011230469,35.3366012573242
-85.19509888,40.97850037
72.9777984619,40.9444007874
-105.539001465,44.3488998413
-100.723999023,37.9275016785
-112.147003173828,35.9524002075195
-117.533996582031,47.6198997497559
-97.1761016845703,47.9492988586426
-94.7115020751953,32.3839988708496
-106.61499786377,48.2125015258789
-108.527000427,39.1223983765
-90.9856033325195,33.4828987121582
-82.2717971802,29.6900997162
-114.255996704102,48.3105010986328
-89.0700988769531,30.4073009490967
-88.1296005249023,44.4850997924805
-98.3096008300781,40.9674987792969
-97.8289031982,31.067199707
-85.52279663,42.88079834
-79.9373016357422,36.0978012084961
-82.2189025879,34.8956985474
-111.3710022,47.48199844
-88.5914001465,33.4502983093
-92.83899689,47.38660049
-111.983001708984,46.6068000793457
-98.2285003662109,44.3852005004883
-93.0961990356445,34.4780006408691
-95.27890015,29.64539909
-73.7076034545898,41.0670013427734
-97.6544036865234,26.2285003662109
-93.1547012329102,36.2615013122559
-86.7751007080078,34.6371994018555
-82.55799866,38.36669922
-72.88680267,41.26369858
-70.28040314,41.66930008
-77.45580292,38.94449997
-95.3414001464844,29.9843997955322
-97.4330978393555,37.6498985290527
-112.070999145508,43.5145988464355
-75.60649872,39.67869949
-77.9026031494141,34.2705993652344
-86.2944030761719,39.7173004150391
-93.4030990600586,48.5662002563477
-76.9210968017578,41.2417984008789
-92.5448989868164,40.0934982299805
-73.10019684,40.79520035
-76.4583969116211,42.4910011291504
-110.737998962402,43.6072998046875
-90.0758972168,32.3111991882
-81.6878967285156,30.4941005706787
-90.6464004516602,35.8316993713379
-73.77890015,40.63980103
-94.4982986450195,37.151798248291
-98.67819977,46.92969894
-78.8339004516602,40.3161010742188
-84.58740234375,42.7787017822266
-105.675003051758,41.3120994567871
-115.1520004,36.08010101
-118.4079971,33.94250107
-101.822998046875,33.6636009216309
-79.40480042,40.27590179
-100.6839981,41.12620163
-100.9599991,37.0442009
-93.2232971191406,30.1261005401611
-72.30419921875,43.6260986328125
-84.6059036254883,38.0364990234375
-91.98760223,30.20529938
-73.87259674,40.77719879
-118.1520004,33.81769943
-92.2242965698242,34.7294006347656
-121.733001708984,42.1561012268066
-96.7592010498047,40.851001739502
-76.2960968017578,40.1217002868652
-99.4616012573242,27.5438003540039
-91.25669861,43.87900162
-117.014999389648,46.3745002746582
-109.467002868652,47.0493011474609
-79.2004013061523,37.3266983032227
-102.202003479004,31.9424991607666
-84.0795974731445,43.532901763916
-94.7138977050781,39.2975997924805
-83.6492004394531,32.692798614502
-81.3089981079102,28.4293994903564
-76.7633972168,40.1935005188
-87.7524032592773,41.7859992980957
-88.7518997192383,32.3325996398926
-89.9766998291016,35.0424003601074
-98.23860168,26.17580032
-122.873001098633,42.3741989135742
-86.39399719,32.30059814
-79.91629791,39.64289856
-96.6707992553711,39.140998840332
-71.4356994628906,42.9325981140137
-80.2906036376953,25.7931995391846
-87.896598815918,42.9472007751465
-88.91560364,35.59989929
-80.6453018188477,28.1028003692627
-90.5074996948242,41.4485015869141
-105.886001586914,46.4280014038086
-92.0376968383789,32.5108985900879
-88.2427978515625,30.6912002563477
-120.9540024,37.62580109
-101.279998779297,48.2593994140625
-121.843002319336,36.5870018005371
-87.61019897,34.74530029
-89.3375015258789,43.1399002075195
-114.0910034,46.91630173
-93.2218017578,44.8819999695
-74.8455963134766,44.9357986450195
-90.2580032348633,29.9934005737305
-78.9282989501953,33.6796989440918
-114.6060028,32.65660095
-122.221000671387,37.7212982177734
-97.600700378418,35.3931007385254
-95.8940963745117,41.3031997680664
-117.600997924805,34.0559997558594
-87.90480042,41.97859955
-76.2012023925781,36.8945999145508
-124.246002197266,43.4170989990234
-87.16680145,37.74010086
129.854995727539,41.8013000488281
-88.7738037109375,37.0607986450195
-73.4681015014648,44.6509017944336
-80.0955963134766,26.6832008361816
-122.5979996,45.58869934
-76.49299622,37.13190079
-75.241096496582,39.871898651123
-112.012001037598,33.4342994689941
-89.6932983398438,40.6641998291016
-89.3370971679688,31.4671001434326
-82.68740082,27.91020012
-112.596000671387,42.9098014831543
-100.2860031,44.38270187
-80.23290253,40.49150085
-81.4392013549805,39.345100402832
-84.79669952,45.57089996
-118.0849991,34.62939835
-87.1865997314453,30.4734001159668
-68.0447998,46.68899918
-112.4199982,34.65449905
-119.119003295898,46.2647018432617
-70.8233032227,43.0778999329
-116.50700378418,33.8297004699707
-117.110000610352,46.7439002990723
-71.4204025268555,41.7326011657715
-70.30930328,43.64619827
-103.056999206543,44.0452995300293
-122.2929993,40.50899887
-75.965202331543,40.3785018920898
-121.1500015,44.2541008
-78.7874984741211,35.8776016235352
-89.0971984863281,42.1954002380371
-89.4674987792969,45.6311988830566
-77.3197021484375,37.505199432373
-109.0650024,41.59420013
-119.767997741699,39.4990997314453
-79.9754028320312,37.3255004882812
-77.6724014282227,43.1189002990723
-104.53099822998,33.3016014099121
-92.5,43.9082984924316
-81.7552032470703,26.5361995697021
-72.94960022,43.52939987
-117.190002441406,32.7336006164551
-98.4698028564453,29.5337009429932
-81.20210266,32.12760162
-119.8399963,34.42620087
-86.3172988891602,41.7086982727051
-120.641998291016,35.2368011474609
-75.5102996826172,38.3404998779297
-85.7360000610352,38.1744003295898
-122.30899810791,47.4490013122559
-81.2375030517578,28.7775993347168
-122.375,37.6189994812012
-93.38860321,37.24570084
-106.980003356934,44.7691993713379
-93.8255996704102,32.4466018676758
-121.929000854492,37.3625984191895
-100.496002197266,31.3577003479004
-111.977996826172,40.7883987426758
-74.2061996459961,44.3852996826172
-97.6521987915039,38.7910003662109
-121.591003417969,38.6954002380371
-120.4570007,34.89889908
-117.8679962,33.67570114
-89.67790222,39.84410095
-98.49189758,33.98880005
-82.5543975830078,27.3953990936279
-94.0598983764648,45.5466003417969
-90.370002746582,38.7486991882324
-122.8130035,38.50899887
-114.2959976,43.50439835
-96.38439941,42.40259933
-74.1047973632812,41.5041007995605
-76.1063003540039,43.111198425293
-92.14070129,37.74160004
-84.3503036499023,30.3964996337891
-83.80780029,41.58679962
-82.533203125,27.9755001068115
-82.4074020385742,36.4752006530762
-74.8134994506836,40.2766990661621
-95.8880996704102,36.1983985900879
-88.7698974609375,34.2681007385254
-110.94100189209,32.1161003112793
-85.5821990966797,44.7414016723633
-114.487999,42.48180008
-93.9909973144531,33.4537010192871
-95.4023971557617,32.3540992736816
-83.9940033,35.81100082
-91.19460297,39.94269943
-77.8487014771,40.8493003845
-96.9185028076172,28.8526000976562
-83.2767028808594,30.7824993133545
-86.5253982543945,30.4832000732422
-107.950996398926,43.9656982421875
41.2975006103516,-1.96055996417999
-120.5439987,46.56819916
67.6734008789062,47.7708015441895
19.7206001282,41.4146995544
27.5151996612549,42.5695991516113
24.8507995605469,42.067798614502
23.4114360809326,42.6966934204102
27.8250999450684,43.2321014404297
33.4961013793945,35.1547012329102
33.6249008178711,34.8750991821289
32.4856986999512,34.7179985046387
18.2681999206543,42.5614013671875
13.9222002029419,44.8935012817383
14.5703001022339,45.2168998718262
16.6797008514404,43.285701751709
16.2980003356934,43.5388984680176
16.0687999725,45.7429008484
15.3466997146606,44.1082992553711
-1.86352002621,38.9485015869
-0.55815601348877,38.2821998596191
-2.3701000213623,36.8438987731934
-6.03461980819702,43.5635986328125
-2.91060996055603,43.3011016845703
2.07845997810364,41.2971000671387
-6.82133007049561,38.891300201416
-8.37726020812988,43.3021011352539
0.535023,41.728185
2.76055002212524,41.9010009765625
-3.77735996246338,37.1887016296387
1.37311995029,38.8728981018
-6.06011009216309,36.7445983886719
-0.812389016151428,37.7750015258789
-3.56676,40.4936
-4.49911022186279,36.6749000549316
4.21864986419678,39.8625984191895
2.73881006241,39.551700592
-1.64632999897003,42.7700004577637
1.16717004776001,41.1473999023438
-5.50198984146118,40.9520988464355
-1.79060995578766,43.3564987182617
-8.41514015197754,42.8963012695312
-0.481624990701675,39.4892997741699
-4.85194015503,41.7061004639
-2.72446990013123,42.8828010559082
-8.62677001953125,42.2318000793457
-3.82000994682312,43.4271011352539
-1.04155004024506,41.6661987304688
-5.8931097984314,37.4179992675781
0.590556025505066,44.1747016906738
-0.715556025505066,44.8283004760742
0.518611013889313,44.8252983093262
-1.19527995586395,46.17919921875
0.306665986776352,46.5876998901367
1.17944002151489,45.8628005981445
1.36381995677948,43.6291007995605
-0.418610990047455,43.3800010681152
-0.006438999902457,43.1786994934082
0.221456006169319,45.7291984558105
-1.5233199596405,43.4683990478516
2.2891800403595,43.5563011169434
2.48267006874084,44.407901763916
-2.39110994338989,46.7186012268066
3.76289010047913,45.0806999206543
6.25131988525,48.9821014404
-0.312222003936768,47.5602989196777
9.48373031616211,42.5527000427246
8.79319000244141,42.5307998657227
9.09778022766113,41.5005989074707
8.8029203414917,41.9235992431641
5.88022994995117,45.6380996704102
3.16916990280151,45.7867012023926
5.09082984924,45.726398468
6.09876012802124,45.92919921875
5.32937002182007,45.3628997802734
2.42194008827209,44.8913993835449
6.9534797668457,43.5419998168945
4.29639005661011,45.540599822998
2.30631995201111,43.2159996032715
5.22142410278,43.439271922
7.21586990356,43.6584014893
2.87067008018494,42.7403984069824
3.96301007270813,43.5761985778809
3.35389995574951,43.3235015869141
4.90183019638062,43.907299041748
2.11278009414673,49.4543991088867
0.0880559980869293,49.5339012145996
1.17480003833771,49.3842010498047
0.727605998516,47.4322013855
2.54999995232,49.0127983093
2.35944008827,48.7252998352
2.04082989692688,49.0965995788574
3.08944010734558,50.5619010925293
-4.41854000091553,48.4478988647461
-1.47028005123138,49.6501007080078
-2.07996010780334,48.5876998901367
-3.44000005722046,47.7606010437012
-0.449999988079071,49.1733016967773
-1.73478996754,48.0694999695
-3.47165989875793,48.7543983459473
-4.16778993606567,47.9749984741211
-1.61073005199,47.1531982422
7.52991008759,47.5895996094
5.09000015259,47.268901825
6.06998014450073,48.3250007629395
4.05000019073486,49.310001373291
7.62823009490967,48.5382995605469
6.14602994919,43.0973014832
4.4163498878479,43.7574005126953
-56.1730995178223,46.7629013061523
25.9563007354736,40.855899810791
23.9444999695,37.9364013672
26.1406002044678,38.3432006835938
20.8225002288818,39.6963996887207
25.1802997589,35.3396987915
20.5004997253418,38.1200981140137
22.0254993438721,37.0682983398438
27.0916996002197,36.7933006286621
27.1459999084473,35.4213981628418
19.9116992950439,39.6018981933594
24.6191997528076,40.9132995605469
21.840799331665,40.2860984802246
25.3481006622314,37.4351005554199
26.5983009338,39.0567016602
20.7653007507324,38.9254989624023
28.0862007141113,36.4053993225098
21.4256000518799,38.1511001586914
24.1497001647949,35.5317001342773
23.5037002563477,39.1771011352539
26.9116992950439,37.689998626709
25.4792995452881,36.3992004394531
26.1012992858887,35.2160987854004
22.9708995819092,40.5196990966797
20.8843002319336,37.7509002685547
19.2555999756,47.4369010925
21.6152992248535,47.488899230957
18.2409992218018,45.9908981323242
17.8136005401611,47.6244010925293
17.1590995788574,46.6864013671875
17.0802001953125,38.997200012207
16.7605991363525,41.1389007568359
15.5349998474121,41.4328994750977
14.1810998916626,42.4317016601562
17.94700050354,40.657600402832
16.2423000335693,38.9053993225098
15.0663995742798,37.4668006896973
12.6181001663208,35.4978981018066
11.9688997268677,36.8165016174316
13.0909996032715,38.1759986877441
15.6515998840332,38.0712013244629
12.4879999160767,37.9113998413086
8.29076957702637,40.6320991516113
9.05428028106689,39.2514991760254
9.51762962341309,40.8987007141113
9.68297958374023,39.9188003540039
8.72811031342,45.6305999756
9.70417022705078,45.673900604248
7.64963006973,45.2008018494
8.12742996216,44.0505981445
8.83749961853027,44.4132995605469
9.27674007416,45.445098877
10.2964000701904,44.8245010375977
7.36872005463,45.7384986877
7.62321996689,44.547000885
11.3263998031616,46.4602012634277
11.2887001037598,44.535400390625
12.1943998336792,45.6483993530273
12.0700998306,44.1948013306
10.3305997848511,45.4289016723633
13.4722003936768,45.8274993896484
12.6117000579834,44.0203018188477
10.888500213623,45.3956985473633
13.3622999191284,43.6162986755371
12.3519001007,45.5052986145
12.5949001312256,41.7994003295898
12.2508001328,41.8045005798
14.9112997055054,40.6203994750977
10.2393999099731,42.7602996826172
14.2908000946045,40.8860015869141
10.3927001953125,43.6838989257812
11.2051000595093,43.810001373291
12.5131998062134,43.0959014892578
14.4575996398926,46.2237014770508
15.6861000061035,46.4799003601074
12.914999961853,50.2029991149902
18.1110992431641,49.6963005065918
15.7385997772217,50.0134010314941
14.2600002288818,50.1007995605469
16.6944007873535,49.1512985229492
34.8866996765137,32.0113983154297
34.9600982666016,29.56130027771
35.043098449707,32.809398651123
35.5718994140625,32.9809989929199
34.9357986450195,29.940299987793
34.7821998596191,32.1147003173828
14.4775,35.857498
15.4395999908447,46.9911003112793
11.3439998627,47.2602005005
14.3376998901,46.6425018311
14.1875,48.2332000732422
13.0043001175,47.7933006287
16.5697002410889,48.1102981567383
-25.1706008911133,36.9714012145996
-31.1313991546631,39.4552993774414
-7.96590995789,37.0144004822
-28.0298004150391,39.0922012329102
-28.7159004211426,38.5199012756348
-27.0907993317,38.7617988586
-16.7744998931885,32.6978988647461
-25.6979007721,37.7411994934
-8.68138980865,41.2481002808
-16.3500003815,33.0733985901
-9.13591957092,38.7812995911
-28.1758003234863,38.6655006408691
17.2975006103516,44.9413986206055
17.8458995819092,43.282901763916
18.3314990997314,43.8246002197266
21.261999130249,46.1766014099121
26.9102993011475,46.521900177002
23.4699993133545,47.6584014892578
26.1021003723145,44.5032005310059
28.4883003234863,44.3622016906738
23.6861991882324,46.7851982116699
27.6205997467041,47.1785011291504
21.9025001525879,47.0252990722656
26.1021995544434,44.5722007751465
24.0912990570068,45.7855987548828
22.8857002258301,47.7033004760742
26.3540992736816,47.6875
24.4125003814697,46.467700958252
21.3379001617432,45.8098983764648
6.10895013809204,46.2380981445312
8.9105796814,46.0042991638
7.49714994431,46.914100647
8.54916954040527,47.4646987915039
9.56077003479,47.4850006104
32.995098114,40.1281013489
35.2803993225,36.9822006226
30.800500869751,36.8987007141113
37.4786987305,36.9472007751
32.5619010925,37.9790000916
35.5219993591,40.8293991089
36.9034996032715,39.8138008117676
38.0909996033,38.4352989197
35.4953994751,38.770401001
36.3674087524414,40.307430267334
29.7012996674,37.7855987549
28.8145999908,40.9768981934
27.9260005950928,39.6193008422852
26.4267997742,40.1376991272
27.156999588,38.2924003601
29.5625991821,40.2551994324
28.7924995422,36.7131004333
27.9190998077393,41.1381988525391
30.5193996429,39.8098983765
39.2914009094,38.6068992615
40.2010002136,37.893901825
39.5270004272,39.7102012634
41.1702003479,39.9565010071
43.1150016784668,40.562198638916
39.7896995544434,40.9950981140137
38.8470993041992,37.0942993164062
43.3322982788086,38.4682006835938
41.1166000366,37.9290008545
41.6612014770508,38.7477989196777
36.9535217285,37.5388259888
43.0259780883789,39.654541015625
38.4688987732,37.7313995361
40.6316986084,37.2233009338
38.8955917358398,37.4456634521484
36.2822227478,36.36277771
30.3684005737,37.8554000854
27.0137996674,39.554599762
27.6643009186,37.2505989075
36.5671005249,41.2545013428
29.3092002869,40.898601532
32.3005981445,36.2992172241
28.9309997558594,46.9277000427246
20.7423000335693,41.1800003051758
21.6214008331299,41.9616012573242
-5.34965991974,36.1511993408
20.3090991974,44.8184013367
21.853701,43.337299
19.2518997192383,42.3594017028809
18.7233009338379,42.4047012329102
17.2126998901367,48.1702003479004
21.2411003112793,48.6631011962891
19.1340999603271,48.6377983093262
20.2411003113,49.073600769
18.6135005951,49.2314987183
-71.1423034667969,21.4444999694824
-71.9395980834961,21.9174995422363
-72.2658996582031,21.7735996246338
-71.528503418,21.5156993866
27.9575004577637,47.7743988037109
-71.1203994750977,18.2514991760254
-69.7419967651,19.2670001984
-69.9856033325195,18.5725002288818
-68.9117965698242,18.4507007598877
-68.3634033203,18.5673999786
-70.5699996948242,19.7579002380371
-69.6688995361328,18.4297008514404
-70.6046981811523,19.406099319458
-90.5274963378906,14.5832996368408
-88.5838012695312,15.730899810791
-90.8358001709,13.9362001419
-89.8664016723633,16.9137992858887
-86.8529968261719,15.7425003051758
-87.9235992431641,15.4525995254517
-86.5230026245117,16.3167991638184
-87.2172012329102,14.0608997344971
-76.9690017700195,18.4041996002197
-76.7874984741211,17.9356994628906
-77.9133987426758,18.5037002563477
-76.8237991333008,17.9885997772217
-99.7539978027344,16.7570991516113
-102.318000793,21.7056007385
-96.2626037597656,15.7753000259399
-99.2612991333008,18.8348007202148
-91.7990036010742,18.6536998748779
-107.474998474,24.7644996643
-88.3267974853516,18.5046997070312
-109.833000183105,27.392599105835
-90.5002975464,19.8167991638
-106.429000854492,31.636100769043
-105.964996338,28.7028999329
-98.9564971924,23.7033004761
-100.887001037598,20.5459995269775
-86.9255981445312,20.5223999023438
-111.61499786377,25.0538005828857
-104.527999878,24.1242008209
-104.843002319336,21.4195003509521
-103.310997009277,20.5217990875244
-110.925003051758,27.9689998626709
-111.047996521,29.0958995819
-103.577003479,19.2770004272
-100.929000854492,25.5494995117188
-96.7975006104,19.4750995636
-102.221000671,18.0016994476
-109.081001282,25.6851997375
-101.481002808,20.9934997559
-110.361999512,24.0727005005
-111.347999572754,25.989200592041
-97.5252990723,25.7698993683
-89.657699585,20.9370002747
-115.241996765,32.6305999756
-101.025001526,19.849899292
-94.5807037354,18.1033992767
-101.470001220703,26.9556999206543
-99.0720977783203,19.43630027771
-100.107002258,25.7784996033
-106.26599884,23.1613998413
-99.5705032349,27.4438991547
-96.726600647,16.9999008179
-97.4608001709,20.6026992798
-98.3713989258,19.1581001282
-100.535003662109,28.6273994445801
-102.039001464844,19.3966999053955
-105.253997802734,20.6800994873047
-97.0891036987,15.8768997192
-100.185997009,20.6173000336
-98.2285003662,26.0088996887
-109.721000671387,23.1518001556396
-100.930999756,22.2542991638
-103.411003113,25.5683002472
-93.0224990845,16.5636005402
-116.970001220703,32.5410995483398
-97.8658981323,22.2964000702
-99.5660018921,19.3370990753
-92.3700027466,14.7943000793
-86.8770980835,21.0365009308
-92.8173980712891,17.9969997406006
-96.1873016357,19.1459007263
-102.68699646,22.8971004486
-101.460998535,17.601600647
-104.558998108,19.1448001862
-83.7741012573242,11.9910001754761
-86.1681976318359,12.1415004730225
-83.3867034912109,14.0472002029419
-82.2508010864258,9.34084987640381
-80.4096984863281,7.98784017562866
-82.5167999267578,9.45864009857178
-82.4349975585938,8.39099979400635
-79.8674011230469,9.35663986206055
-79.5556030273438,8.97334003448486
-79.3834991455,9.0713596344
-83.5148010253906,10.5690002441406
-83.5856018066406,10.7686996459961
-82.9685974121094,8.60155963897705
-83.1821975708008,8.65400981903076
-85.5444030761719,10.5932998657227
-83.0220031738281,9.95796012878418
-85.6529998779,9.97649002075
-84.2088012695312,9.99386024475098
-83.3000030517578,8.53332996368408
-83.4685974121094,8.95102977752686
-84.1398010253906,9.95705032348633
-84.1297988891602,9.44316005706787
-89.0557022094727,13.440899848938
-73.7882995605469,18.2710990905762
-72.1947021484375,19.7329998016357
-72.5185012817383,18.2411003112793
-74.1703033447266,18.6630992889404
-72.2925033569336,18.5799999237061
-72.8486022949219,19.9335994720459
-74.5062026977539,20.3652992248535
-76.6213989257812,20.3964004516602
-78.7895965576172,22.027099609375
-78.3283996582,22.4610004425
-80.4141998291016,22.1499996185303
-81.5459976196289,21.6165008544922
-77.8475036621094,21.4202995300293
-75.8354034423828,19.9698009490967
-75.1583023071289,20.0853004455566
-82.4091033935547,22.989200592041
-76.3151016235352,20.7856006622314
-77.0892028808594,20.2880992889404
-82.7837982177734,21.8346996307373
-82.5793991089,23.0328006744
-79.997200012207,21.7882995605469
-81.435302734375,23.0344009399414
-76.9357986450195,20.9876003265381
-79.8827972412109,19.6870002746582
-81.3576965332,19.2928009033
-77.5897979736,24.158700943
-77.0835037231,26.5114002228
-78.0490036010742,25.0538005828857
-73.9709014893,22.4417991638
-77.3912963867,26.745300293
-77.8808975219727,25.4171009063721
-79.2647018433,25.6998996735
-75.6737976074,24.6294002533
-75.4523010253906,24.315299987793
-74.1824035645,22.7455997467
-75.8779983521,23.5625991821
-76.6835021973,25.474899292
-76.3310012817,25.2847003937
-78.695602417,26.5587005615
-73.6669006347656,20.9750003814697
-75.0935974121,23.1790008545
-75.2686214447,23.5823168043
-73.0134963989,22.3794994354
-77.4662017822,25.0389995575
-74.5240020751953,24.0632991790771
-88.3081970214844,17.5391006469727
127.602222222,42.0669444444
-159.805999756,-21.2026996613
177.442993164062,-17.7553997039795
178.559005737305,-18.0433006286621
179.339996337891,-16.4666996002197
-175.149993896484,-21.2411994934082
-174.341003417969,-19.7770004272461
-173.962005615234,-18.5853004455566
10.8963888889,10.2983333333
5.81778001785278,5.59610986709595
179.195999,-8.525
173.147003173828,1.38163995742798
-169.925598144531,-19.0790309906006
-178.065994263,-14.3114004135
-176.199005127,-13.2383003235
-172.007995605469,-13.8299999237061
-170.710006714,-14.3310003281
-149.606994629,-17.5536994934
-151.360992431641,-22.4340991973877
-149.524002075195,-23.3654003143311
-145.509994506836,-17.3526000976562
-148.231002807617,-15.1196002960205
-145.656997680664,-16.0541000366211
-146.070007324219,-14.4368000030518
-134.889999389648,-23.0799007415771
-146.884994506836,-15.6632995605469
-143.658004760742,-16.5839004516602
-145.246002197266,-14.7095003128052
-146.617004394531,-15.2482995986938
-148.716995239258,-14.8681001663208
-146.25700378418,-14.4280996322632
-145.024993896484,-14.4558000564575
-140.22900390625,-8.79559993743896
-139.011001586914,-9.76879024505615
-151.751007080078,-16.4444007873535
-147.660995483398,-14.9542999267578
-151.022003173828,-16.6872005462646
-149.761993408203,-17.4899997711182
-140.945999145508,-18.074800491333
-152.244003295898,-16.4265003204346
-151.466003417969,-16.722900390625
167.587005615,-14.2180995941
167.220001221,-15.5050001144
168.320007324219,-17.6993007659912
169.223999023438,-19.455099105835
167.804000854492,-21.0960998535156
163.660995483398,-19.7206001281738
164.837005615234,-21.0543003082275
167.455993652344,-22.5888996124268
164.255996704102,-20.5463008880615
167.240005493164,-20.7747993469238
166.473007202148,-22.25830078125
168.037994384766,-21.4817008972168
165.259002685547,-20.7900009155273
166.572998046875,-20.6406002044678
166.212997436523,-22.0146007537842
174.792007446,-37.0080986023
176.083999633789,-38.7397003173828
172.531997680664,-43.4893989562988
-176.457000732422,-43.810001373291
170.197998046875,-45.9281005859375
177.977996826172,-38.6632995605469
170.985000610352,-42.7136001586914
175.332000732,-37.8666992188
173.912002563477,-35.2627983093262
173.285003662109,-35.0699996948242
174.179000854492,-39.0085983276367
176.869995117188,-39.4658012390137
173.220993041992,-41.2983016967773
168.313003540039,-46.4123992919922
171.082000732422,-44.9700012207031
175.617004394531,-40.3205986022949
168.738998413,-45.0210990906
176.317001342773,-38.1091995239258
176.195999145508,-37.6719017028809
171.225006103516,-44.3027992248535
173.869995117188,-41.5182991027832
169.246002197266,-44.7221984863281
176.914001464844,-37.9206008911133
174.804992676,-41.3272018433
174.365005493164,-35.7682991027832
171.580993652344,-41.7380981445312
175.024993896484,-39.9622001647949
62.2282981872559,34.2099990844727
69.2123031616211,34.5658988952637
67.2097015380859,36.706901550293
50.6335983276367,26.2707996368408
42.6566009521,18.2404003143
49.4851989746094,25.2852993011475
41.6343002319,20.2961006165
42.6208992004395,19.9843997955322
49.7979011535645,26.4712009429932
44.4000015258789,24.5
42.5858001708984,16.9011001586914
43.7743988037109,26.3027992248535
37.2794990539551,31.4118995666504
41.6862983703613,27.4379005432129
39.15650177,21.679599762
45.5281982422,27.9008998871
39.7051010131836,24.5534000396729
44.4192008972168,17.611400604248
46.1250991821,28.3351993561
43.4906005859375,29.6263999938965
46.6987991333008,24.9575996398926
41.1381988525391,30.9066009521484
47.1213989257812,17.4668998718262
40.0999984741211,29.7851009368896
36.6189002990723,28.3654003143311
40.5443000793457,21.4834003448486
38.731201171875,31.692699432373
45.1996002197,20.5042991638
36.4763984680176,26.198600769043
38.0634002685547,24.1441993713379
122.43,52.9127777778
48.2282981873,30.371099472
49.1519012451172,30.5562000274658
48.7620010376,31.3374004364
50.8345985413,28.9447994232
53.9802017212,26.5261993408
54.824798584,26.531999588
47.1581001282,34.3459014893
48.282901763916,33.4353981018066
47.0092010498047,35.2458992004395
51.8613014221191,32.7508010864258
49.617778,37.323333
51.1521987915039,35.4160995483398
51.3134002685547,35.6892013549805
56.377799987793,27.2182998657227
56.9510993958,30.2744007111
58.4500007629395,29.0841999053955
56.0511016845703,30.297700881958
59.2661018371582,32.8981018066406
59.640998840332,36.2351989746094
57.3082008361816,37.4930000305176
57.5951995849609,36.168098449707
51.4646987915039,36.6632995605469
50.6795997619629,36.9099006652832
53.1935997009,36.635799408
54.3833007812,27.6746997833
52.5898017883301,29.5391998291016
48.4244003296,38.3256988525
45.0686988831,37.6680984497
46.2350006103516,38.1338996887207
54.2765007019,31.9048995972
60.3820991516,25.4433002472
60.9062004089355,29.475700378418
35.9931983948,31.7226009369
35.9916000366211,31.9727001190186
35.0181007385254,29.6116008758545
47.9688987731934,29.2266006469727
35.4883995056152,33.8208999633789
57.6344444444,19.5022222222
54.6511001586914,24.4330005645752
55.6091995239258,24.2616996765137
55.3643989563,25.2527999878
56.3240013122559,25.1121997833252
55.9388008117676,25.6135005950928
55.5172004699707,25.3285999298096
56.2406005859375,26.1709995269775
58.2844009399414,23.5932998657227
54.0913009643555,17.0387001037598
71.7180023193359,29.3481006622314
71.8005981445312,35.8866004943848
70.4859008789062,29.9610004425049
70.896598815918,31.9094009399414
72.9947967529297,31.3649997711182
62.3294982910156,25.2332992553711
74.3336029052734,35.9188003540039
67.1607971191406,24.9064998626709
74.4036026000977,31.5216007232666
73.5085983276367,34.3390007019043
68.1430969238281,27.3351993560791
71.4190979003906,30.2031993865967
68.3900985717773,26.2194004058838
64.1324996948242,26.9545001983643
63.345100402832,25.2905006408691
71.5146026611328,33.9939002990723
66.9377975463867,30.2513999938965
70.2796020507812,28.3838996887207
73.0991973876953,33.61669921875
73.7981033325195,33.8497009277344
75.536003112793,35.3354988098145
68.7917022705078,27.7220001220703
67.7172012329102,26.4731006622314
72.3527984619141,34.8135986328125
74.3638916016,32.5355567932
63.030200958252,25.986400604248
69.4636001586914,31.3584003448486
44.2346000671,33.2625007629
43.9631996154785,36.2375984191895
47.6621017456055,30.5491008758545
45.3167381287,35.5617485046
37.2243995666504,36.1806983947754
36.5155982971191,33.4114990234375
40.1759986877441,35.285400390625
41.1913986206055,37.0205993652344
35.9486999511719,35.4011001586914
51.5651016235,25.261100769
45.0288009643555,12.8295001983643
52.1749992370605,16.1916999816895
42.9762992858887,14.7530002593994
49.375,14.6625995635986
44.2196998596191,15.476300239563
53.9057998657227,12.6307001113892
48.7882995605,15.9660997391
44.1390991211,13.6859998703
-161.8379974,60.77980042
-156.766006469727,71.285400390625
-145.4779968,60.4917984
-176.64599609375,51.8779983520508
-158.5050049,59.04470062
-152.4940033,57.75
-166.544006347656,53.9001007080078
-164.4909973,62.78609848
-147.8560028,64.81510162
-135.7070007,58.4253006
-159.774993896484,62.1883010864258
-135.524002075195,59.2438011169434
-157.375,58.1855010986
-134.57600402832,58.3549995422363
-156.6490021,58.67679977
-131.7140045,55.35559845
-155.6060028,62.95289993
-149.996002197266,61.1744003295898
-159.542999267578,61.581600189209
-131.572006225586,55.0424003601074
-165.445007324219,64.5121994018555
-162.598999,66.88469696
-132.9450073,56.80170059
-148.4649963,70.19470215
-135.361999511719,57.0471000671387
-132.3699951,56.48429871
-139.660003662,59.5032997131
142.932998657,-8.05000019073
144.819900513,-7.49686002731
145.24299621582,14.1743001937866
145.72900390625,15.1190004348755
144.796005249,13.4834003448
124.456496,8.612203
-156.014007568359,20.7956008911133
-156.673004150391,20.9629001617432
-156.046005249023,19.7388000488281
-159.339004516602,21.9759998321533
-157.095993041992,21.1529006958008
-155.667999267578,20.0013008117676
-157.921997070312,21.3187007904053
-156.95100402832,20.7856006622314
-156.429992675781,20.8985996246338
-155.048004150391,19.721399307251
171.272003173828,7.06476020812988
-59.4914817810059,5.17275476455688
167.731994628906,8.72012042999268
-157.350006103516,1.98616003990173
-66.7568969727,18.1802005768
151.843002319336,7.46187019348145
158.208999633789,6.98509979248047
162.957992554,5.35697984695
138.082992553711,9.49890995025635
51.6130828857422,25.2620449066162
118.359001159668,24.4279003143311
119.958000183105,26.1597995758057
121.101997375488,22.7549991607666
120.349998474121,22.5771007537842
120.392997741699,23.461799621582
120.730003356934,22.0410995483398
121.535003662109,22.0270004272461
120.621002197266,24.2646999359131
120.002998352051,26.2241992950439
120.206001281738,22.9503993988037
119.627998352051,23.5687007904053
120.482002258301,22.7001991271973
121.552001953125,25.0694007873535
121.233001708984,25.0776996612549
121.61799621582,24.023099899292
140.386001586914,35.7647018432617
137.923004150391,36.1668014526367
140.414993286,36.181098938
135.244003295898,34.4272994995117
135.363998413,33.6622009277
135.223999023438,34.6328010559082
143.216995239,42.7332992554
141.692001342773,42.7751998901367
140.822006226,41.7700004578
144.192993164,43.0410003662
144.164001465,43.8805999756
144.960006714,43.5774993896
141.380004882812,43.1161003112793
141.800994873,45.4042015076
129.785003662,33.7490005493
131.279006958,33.9300003052
129.330993652,34.2849006653
143.404006958,44.3039016724
142.447006225586,43.6707992553711
139.432998657,42.0717010498
141.186004639,45.2420005798
128.832992553711,32.6663017272949
130.45100402832,33.5858993530273
130.990997314,30.6051006317
130.718994140625,31.8034000396729
131.449005127,31.877199173
131.736999512,33.4794006348
131.035003662,33.8459014893
130.302001953,33.1497001648
130.854995727539,32.8372993469238
129.914001465,32.9169006348
136.804992675781,34.8583984375
129.712997436523,28.4305992126465
128.701004028,27.4255008698
129.927993774,28.3213005066
128.880996704102,27.8363990783691
136.92399597168,35.2550010681152
136.406997680664,36.3945999145508
133.324996948242,36.1810989379883
138.18775177,34.7960434679
137.188003540039,36.6483001708984
136.962005615,37.2930984497
132.919006348,34.4361000061
133.854995728,34.7569007874
132.88999939,35.4136009216
133.235992431641,35.4921989440918
133.669006348,33.5461006165
132.699996948242,33.8272018432617
135.438003540039,34.7854995727539
134.167007446,35.5301017761
134.606994629,34.1328010559
134.01600647,34.2141990662
131.789993286,34.676399231
140.690994262695,40.7346992492676
140.371002197,38.4118995667
138.414001465,38.0601997375
140.430999755859,37.2274017333984
141.134994506836,39.4286003112793
140.218994140625,39.6156005859375
141.367996216,40.7032012939
139.121002197,37.9558982849
140.371002197,40.1918983459
140.917007446,38.1397018433
139.787002563,38.8121986389
139.52799987793,35.6716995239258
139.785995483,33.1150016785
139.36000061,34.7820014954
139.559997559,34.073600769
139.779998779297,35.5522994995117
126.808998108,35.1263999939
126.615997314453,35.9038009643555
127.616996765137,34.8423004150391
127.959999084,37.4380989075
128.669006347656,38.0612983703613
126.49299621582,33.5112991333008
128.93800354,35.1795005798
128.070007324219,35.0885009765625
129.352005005,35.59349823
126.450996398926,37.4691009521484
126.791000366,37.5583000183
129.419998169,35.9878997803
128.658996582,35.8941001892
127.499000549,36.7165985107
127.646003723,26.1958007812
124.18699646,24.344499588
126.713996887207,26.3635005950928
131.263000488,25.8465003967
125.294998169,24.7828006744
131.32699585,25.9447002411
124.675003052,24.6539001465
128.401992798,27.0440006256
122.977996826172,24.4668998718262
120.271003723145,14.7944002151489
120.559997559,15.1859998703
120.531997680664,18.1781005859375
121.019996643,14.508600235
123.735,13.1575
124.209999084473,7.1652398109436
125.646003723145,7.1255202293396
125.4788,8.9515
123.341875076,8.60198349877
124.707000732422,9.25352001190186
121.011001586914,6.05366992950439
119.74299621582,5.04698991775513
123.461179733,7.83073144787
125.096000671,6.05800008774
125.480947495,9.75583832563
126.170997619629,9.07211017608643
122.059997558594,6.92242002487183
120.620002746582,16.3750991821289
121.04699707,12.3614997864
123.269996643066,13.5848999023438
121.980003357,20.4512996674
121.5,15.7298002243
120.303001403809,16.5956001281738
121.733150482,17.6433676823
124.206001281738,13.5763998031616
121.752998352,16.9298992157
125.027999878,11.2276000977
123.014999389648,10.7763996124268
124.544998168945,12.072699546814
123.300003052,9.3337097168
121.95400238,11.9245004654
124.636001586914,12.5024003982544
122.493358,10.833017
123.628997803,12.3694000244
122.375999451,11.679400444
123.978996276855,10.3074998855591
118.759002685547,9.74211978912354
122.751998901367,11.5977001190186
123.852996826172,9.6640796661377
122.084999084,12.3109998703
120.099998474,12.1215000153
45.698600769043,43.3883018493652
75.0999984741211,67.9866638183594
30.6870002747,64.6179962158
-60.4804,-31.7948
-60.785,-32.9036
-60.8117,-31.7117
-58.4156,-34.5592
-64.2080001831,-31.323600769
-58.5358,-34.8222
-68.7929000854,-32.8316993713
-68.4039001465,-34.5882987976
-65.751701355,-28.5956001282
-64.3099975586,-27.7655563354
-66.7957992554,-29.3815994263
-65.1048965454,-26.8409004211
-68.4181976318,-31.5715007782
-66.3563995361,-33.2732009888
-58.7619,-27.4455
-59.0561,-27.45
-58.2281,-26.2127
-54.473400116,-25.7373008728
-55.9707,-27.3858
-65.4861984253,-24.8560009003
-65.0978012085,-24.3927993774
-63.7937011719,-22.619600296
-67.4655,-45.7853
-71.139503479,-42.908000946
-68.9653015137,-46.5382995605
-65.2703,-43.2105
-63.0004,-40.8692
-65.1027,-42.7592
-65.9041,-47.7353
-69.3126,-51.6089
-68.2958,-54.8433
-67.8026,-49.3068
-70.9786987305,-46.5378990173
-68.5792,-50.0165
-62.1693,-38.725
-56.7218,-36.5423
-57.5733,-37.9342
-68.1557006836,-38.9490013123
-58.8172,-38.4831
-64.2757034302,-36.5882987976
-71.1575012207,-41.1511993408
-71.137298584,-40.0754013062
-48.1329994202,-21.8120002747
-37.0703010559,-10.984000206
-56.1049995422,-9.8663892746
-50.4247016907,-21.1413002014
-48.4762992859,-1.37925004959
-43.9505996704102,-19.8512001037598
-47.9208335876465,-15.8691673278809
-49.0537986755,-22.3449993134
-60.6922225952,2.84138894081
-53.5008010864,-25.0002994537
-43.9719429016113,-19.6244430541992
-54.6725006104,-20.4687004089
-52.6566009521484,-27.1341991424561
-50.0013885498,-6.11527776718
-49.4213905334,-28.7244434357
-41.301700592,-21.698299408
-57.6713905334,-19.0119438171
-49.1758003235,-25.5284996033
-51.1875,-29.1970996857
-56.1166992188,-15.6528997421
-72.7695007324,-7.59990978241
-51.4245986938,-22.1751003265
-60.0497016906738,-3.03860998153687
-54.4850006103516,-25.6002788543701
-48.5525016784668,-27.6702785491943
-32.4233016967773,-3.85492992401123
-38.532600402832,-3.77627992630005
-43.2505569458008,-22.8099994659424
-49.2206993103027,-16.6319999694824
-46.4730567932129,-23.4355564117432
-39.0331993103027,-14.8159999847412
-47.4599990844727,-5.53129005432129
-43.3867988586426,-21.7915000915527
-34.9486122131,-7.14583301544
-48.7974014282227,-26.2245006561279
-35.8964004516602,-7.26991987228394
-47.1344985962,-23.0074005127
-51.1301002502,-23.3335990906
-49.1380004883,-5.36858987808
-52.6021995544,-0.889838993549
-41.7659988403,-22.343000412
-52.01222229,-23.4794445038
-43.818901062,-16.7068996429
-49.926399231,-22.1968994141
-35.7916984558105,-9.51080989837646
-51.0722007751,0.0506640002131
-48.6514015197754,-26.8799991607666
-54.1691017150879,-28.2817001342773
-35.2476997375,-5.91141986847
-51.1713981628418,-29.9944000244141
-52.3265991210938,-28.2439994812012
-48.3569984436,-10.2915000916
-40.5690994262695,-9.3624095916748
-55.7025985717773,-22.5496006011963
-39.0808982849121,-16.4386005401611
-63.9023017883301,-8.70928955078125
-40.8630981445,-14.8627996445
-67.8980560302734,-9.86888885498047
-34.9235992431641,-8.12648963928223
-43.1631011963,-22.9104995728
-47.776668548584,-21.1363887786865
-45.861499786377,-23.2292003631592
-44.2341003417969,-2.58536005020142
-53.6882019042969,-29.7113990783691
-54.785831451416,-2.42472195625305
-46.6563873291016,-23.6261100769043
-49.40650177,-20.8166007996
-38.3224983215,-12.9086112976
-42.8235015869,-5.0599398613
-66.9855,-0.14835
-48.2252769470215,-18.8836116790771
-47.9661102294922,-19.7647228240967
-40.2863883972168,-20.258056640625
-43.1730575562,-21.5130558014
-70.3386993408203,-18.3484992980957
-71.6894989013672,-45.9160995483398
-68.9036026000977,-22.4981994628906
-70.8545989990234,-53.0026016235352
-70.1812973022461,-20.5352001190186
-70.7857971191406,-33.3930015563965
-69.7651977539062,-26.3111000061035
-70.4450988769531,-23.4444999694824
-73.063102722168,-36.7727012634277
-109.42199707,-27.1648006439
-73.0609970092773,-40.611198425293
-71.1995010376,-29.9162006378
-72.6371002197266,-38.7667999267578
-73.0940017700195,-41.4388999938965
-73.0860977173,-39.6500015259
-43.1730575562,-21.5130558014
-76.9868011474609,-0.46288600564003
-78.9843978881836,-2.88947010040283
-79.8835983276,-2.15741991997
-78.6157989502,-0.906832993031
-78.1207962036133,-2.29917001724243
-80.6788024902344,-0.94607800245285
-78.3575,-0.129166666667
-77.7080993652344,0.809505999088287
-57.7775993347168,-51.6856994628906
-57.5200004577637,-25.2399997711182
-54.8400001525879,-25.4599990844727
-49.0502866745,-22.1668591409
-75.7664,4.45278
-76.5008,0.505228
-73.1848,7.1265
-74.1469,4.70159
-74.7808,10.8896
-77.3947,6.20292
-76.9898,3.81963
-72.5115,7.92757
-75.513,10.4424
-76.3816,3.54322
-78.7492,1.81442
-75.2856,9.33274
-73.8068,7.02433
-75.9557,4.75818
-77.8986,2.57013
-75.1333,4.42161
-77.6718,0.861925
-69.9432,-4.19355
-75.590582,6.220549
-75.8258,8.82374
-70.2339,1.25366
-75.4647,5.0296
-75.294,2.95015
-67.4932,6.18472
-67.9062,3.85353
-75.7395,4.81267
-76.6093,2.4544
-77.2915,1.39625
-81.3583,13.3569
-75.4231,6.16454
-72.926,11.5262
-72.6394,2.57969
-74.2306,11.1196
-81.7112,12.5836
-74.7663,2.15217
-71.7603,6.45108
-70.7369,7.06888
-76.6412,5.69076
-73.2495,10.435
-73.6138,4.16787
-72.384,5.31911
-66.1771011352539,-17.4211006164551
-68.7829971313,-11.0403995514
-63.1715011597,-17.8115997314
-68.1922988891602,-16.5132999420166
-65.2886962890625,-19.0070991516113
-64.7013015747,-21.5557003021
-63.1353988647461,-17.6448001861572
-55.1878013611,5.4528298378
44.9865989685059,2.00528001785278
-52.3604011536,4.81980991364
-74.5743026733398,-8.37794017791748
-78.5238037109375,-9.14960956573486
-79.8281021118164,-6.78747987747192
-74.2043991088867,-13.1548004150391
-77.1143035889,-12.021900177
-75.4733963013,-11.7831001282
-70.158203125,-15.4671001434326
-78.4894027709961,-7.13918018341064
-80.3814010620117,-3.55253005027771
-76.1182022094727,-5.89377021789551
-76.2048034667969,-9.87880992889404
-73.3087997436523,-3.78473997116089
-71.5830993652,-16.3411006927
-79.1088027954102,-8.08141040802002
-76.3731994628906,-6.50873994827271
-70.2758026123,-18.0533008575
-69.2285995483,-12.6135997772
-80.6164016724,-5.20574998856
-81.2540969848633,-4.57664012908936
-74.9615020751953,-14.8540000915527
-71.9387969971,-13.5356998444
-56.0307998657227,-34.8384017944336
-69.2378692626953,9.55337524414062
-64.6892013549805,10.1070995330811
-70.2208023071289,8.61956977844238
-69.3586196899414,10.0427465438843
-67.6494216918945,10.2499780654907
-62.8544311523438,6.23198890686035
-63.2616806030273,10.6600141525269
-69.6809005737305,11.4149436950684
-64.1304702758789,10.4503326416016
-70.151496887207,11.7807750701904
-71.7278594971,10.5582084656
-71.1610412597656,8.5820779800415
-63.9665985107422,10.9126033782959
-66.9905853271,10.6031169891
-63.1473999023438,9.75452995300293
-67.6061019897461,5.61998987197876
-62.7603988647461,8.28853034973145
-72.439697265625,7.84082984924316
-72.0351028442383,7.56538009643555
-64.1510848999023,8.94514656066895
-67.9283981323242,10.1497325897217
-71.6726684570312,8.62413883209229
-70.5840606689453,9.34047794342041
-58.2541007995605,6.4985499382019
-58.1058998108,6.80628013611
-59.7893981933594,3.37276005744934
-61.792702,17.1367
-59.4925003052,13.0746002197
-61.3922004699707,15.3367004394531
-61.2999992370605,15.5469999313354
-61.0032005310059,14.5909996032715
-63.0471992492676,18.0998992919922
-62.8436012268066,17.9043998718262
-61.2700004577637,15.8687000274658
-61.5317993164062,16.2653007507324
-61.7862014770508,12.0041999816895
-64.9733963012695,18.3372993469238
-64.7985992431641,17.7019004821777
-67.1294021606445,18.4948997497559
-66.0980987548828,18.4568004608154
-67.1484985351562,18.2556991577148
-66.5630035400391,18.00830078125
-66.0018005371,18.4393997192
-62.7187004089355,17.3111991882324
-62.589900970459,17.2056999206543
-60.992901,14.0202
-60.952599,13.7332
-66.884765625,16.2146745882
10.438611,36.075833
-70.0151977539062,12.5013999938965
-68.2685012817383,12.1309995651245
-68.9598007202,12.1888999939
-62.9794006347656,17.4965000152588
-63.1088981628,18.0410003662
-63.0550994873047,18.2047996520996
43.8766479492,39.9766273499
-62.1932983398438,16.7914009094238
-60.8321990966797,11.1497001647949
-61.3372001647949,10.5953998565674
-64.5429992675781,18.4447994232178
-61.2620010376,12.9884004593
-61.342399597168,12.6990003585815
-61.1801986694336,12.887900352478
-61.4119453430176,12.6001348495483
-61.2108993530273,13.1443004608154
-64.6787033081055,32.3639984130859
70.8380966187,40.0427017212
77.0404968261719,43.3521003723145
71.4669036865234,51.0222015380859
69.594596862793,53.3291015625
69.1838989257812,54.7747001647949
71.303596496582,42.8535995483398
74.4776000977,43.0612983704
72.793296814,40.6090011597
69.4788970947266,42.364200592041
67.7332992553711,47.7083015441895
73.3343963623047,49.6707992553711
51.543098449707,51.1507987976074
82.4942016601562,50.0365982055664
77.0738983154297,52.1949996948242
80.2343978881836,50.3512992858887
51.0919990539551,43.8600997924805
51.8213996887207,47.121898651123
57.2066993713379,50.2458000183105
63.5503005981445,53.206901550293
50.0466995239258,40.4674987792969
46.3176002502441,40.7377014160156
45.4584007263184,39.1888008117676
43.8592987061,40.7504005432
44.3959007263,40.1473007202
129.77099609375,62.0932998657227
124.914001464844,56.9138984680176
120.471000671,60.3974990845
143.115005493164,64.5500030517578
114.825996399,60.7206001282
112.029998779,66.4003982544
114.039001464844,62.5346984863281
114.080001831055,71.9279022216797
147.901992797852,70.6231002807617
161.337997436523,68.7406005859375
128.90299987793,71.6977005004883
150.705001831,65.7367019653
42.4826011658,42.176700592
41.5997009277,41.6102981567
41.1281013489,42.8582000732
44.95470047,41.6692008972
127.412002563477,50.4253997802734
135.188003540039,48.5279998779297
137.080993652344,50.605598449707
136.934005737305,50.4090003967285
177.740997314453,64.7349014282227
155.744995117188,62.4570007324219
160.548004150391,61.8349990844727
166.13999939,67.8450012207
150.720001220703,59.9109992980957
140.649993896484,53.1549987792969
143.056503295898,59.4100646972656
158.453994750977,53.1679000854492
142.718002319336,46.8886985778809
132.147994995117,43.398998260498
113.305999755859,52.0262985229492
101.697998046875,56.3706016540527
104.388999938965,52.2680015563965
105.730003356934,56.8567008972168
107.438003540039,51.8078002929688
30.8946990966797,50.3450012207031
37.7397003173828,48.073600769043
37.4496002197266,47.076099395752
39.3740997314,48.4174003601
35.1006011962891,48.3572006225586
35.3157005310059,47.867000579834
33.2099990844727,48.0433006286621
33.9751014709473,45.0522003173828
36.2900009155273,49.9248008728027
30.4496994018555,50.4016990661621
24.6861000061035,48.8842010498047
23.9561004638672,49.8125
25.9808006286621,48.2593002319336
26.1415996551514,50.6071014404297
22.2633991241455,48.6343002319336
30.6765003204346,46.4267997741699
40.7167015075684,64.6003036499023
53.121898651123,67.6399993896484
38.0158004760742,59.2736015319824
61.5564002990723,69.763298034668
46.6974983215332,61.2358016967773
30.2625007629395,59.8003005981445
32.7508010864258,68.7817001342773
28.3955993652344,57.7839012145996
34.1547012329102,61.8852005004883
31.0167007446289,52.5270004272461
20.5925998687744,54.8899993896484
24.0538005828857,53.6020011901855
27.5396995544434,53.8644981384277
28.0307006835938,53.8824996948242
30.095100402832,53.9548988342285
91.3850021362305,53.7400016784668
83.5384979248047,53.3638000488281
86.1072006225586,55.2700996398926
92.1125030517578,58.4742012023926
93.0117034912109,60.3732986450195
102.323997497559,60.3596992492676
92.4933013916016,56.1729011535645
92.5400009155,56.1769981384
94.4005966186523,51.6693992614746
82.6507034301758,55.0125999450684
73.3105010986328,54.9669990539551
85.2082977294922,56.380298614502
86.877197265625,53.8114013671875
102.490997314453,71.9781036376953
86.6219024658203,67.4372024536133
87.3321990966797,69.3110961914062
37.3473014831543,45.0021018981934
38.21,46.68
38.0124807358,44.5820926295
39.1705017089844,45.0346984863281
47.6523017883301,42.8167991638184
43.081901550293,44.2251014709473
43.6366004943848,43.5129013061523
44.6066017151,43.2051010132
45.0125999451,43.3222999573
42.1128005981445,45.1091995239258
39.8180999756,47.2582015991
38.8499984741,47.2000007629
39.956600189209,43.4499015808105
48.0063018799,46.2832984924
44.3308982849121,46.3739013671875
44.3455009460449,48.7825012207031
61.5032997131348,55.3058013916016
58.7556991577148,53.3931007385254
66.6110000610352,66.5907974243164
69.0860977172852,61.0284996032715
65.6149978637695,62.1100006103516
63.6019134521484,61.3266220092773
64.8266983032227,60.1032981872559
66.698600769,63.6869010925
53.4575004577637,56.8280982971191
49.3483009338379,58.5032997131348
72.6988983154297,65.4809036254883
76.5203018188477,66.0693969726562
76.4835968017578,60.9492988586426
56.0211982727051,57.9145011901855
74.5337982177734,62.1903991699219
72.6500015258789,61.1082992553711
75.2699966430664,63.1833000183105
73.4018020629883,61.3437004089355
60.8027000427246,56.7430992126465
65.3243026733,57.1896018982
65.4156036376953,55.4752998352051
58.3610000610352,37.9868011474609
53.0071983337402,40.0633010864258
63.6133003234863,39.0833015441895
68.8249969482,38.5433006287
69.8050003051758,37.9880981445312
69.6947021484375,40.2154006958008
68.8647003173828,37.8664016723633
60.6417007446289,41.584300994873
64.4832992553711,39.7750015258789
66.9838027954102,39.7005004882812
67.3099975585938,37.2867012023926
69.3914031982422,41.3126983642578
69.2811965942,41.257900238
41.0194015503,57.7969017029
40.9407997131348,56.9393997192383
38.9294013977051,58.1041984558105
34.176399231,53.2141990662
37.9062995910645,55.4087982177734
37.4146003723145,55.972599029541
37.5071983337402,55.5116996765137
36.5900993347168,50.643798828125
36.2956008911133,51.7505989074707
39.5377998352051,52.7028007507324
39.2295989990234,51.8142013549805
37.2615013123,55.5914993286
53.8046989440918,63.5668983459473
57.1307983398438,65.1211013793945
57.3671989440918,66.0046997070312
63.9930992126465,67.4886016845703
50.845100402832,61.6469993591309
43.7840003967285,56.2300987243652
52.801700592041,54.6399993896484
49.2787017822266,55.606201171875
52.0924987792969,55.5647010803223
47.9047012329102,56.7005996704102
47.3473014831543,56.0903015136719
123.361000061,66.7965011597
48.2266998291,54.2682991028
48.8027000427246,54.4010009765625
55.4566993713379,51.7957992553711
58.5956001281738,51.0724983215332
45.0210990905762,53.1105995178223
45.2122573852539,54.125129699707
47.7456016541,51.8582992554
46.0466995239258,51.564998626709
55.8744010925293,54.5574989318848
50.1642990112305,53.5049018859863
72.6346969604,23.0771999359
75.3981018066406,19.862699508667
72.8678970337,19.0886993408
69.6701965332,23.2877998352
74.6183013916,15.8592996597
73.2263031006,22.3362007141
77.3374023438,23.2875003815
72.1852035522,21.752199173
73.8313980103,15.3808002472
75.0848999023,15.361700058
75.8011016846,22.7217998505
80.052001953125,23.1777992248535
70.0126037597656,22.4654998779297
79.9186019897,24.817199707
74.2893981934,16.6646995544
77.3167037964,19.1833000183
79.0472030639648,21.0921993255615
73.8076019287,19.9636993408
73.9197006225586,18.5820999145508
69.6572036743,21.6487007141
70.7795028687,22.3092002869
72.7417984009,21.1140995026
73.8961029053,24.6177005768
79.8841018676758,7.1807599067688
79.8861999511719,6.82199001312256
80.0700988769531,9.79232978820801
80.3202972412109,5.99368000030518
81.1819000244141,8.5385103225708
81.1366666667,6.18666666667
103.223999023438,13.0956001281738
104.84400177002,11.5466003417969
103.813003540039,13.4106998443604
106.014999389648,13.5319004058838
91.2404022217,23.8869991302
88.3285980224609,26.6812000274658
91.9786987304688,25.7035999298096
85.8178024292,20.2444000244
88.4467010498047,22.6546993255615
83.4496994019,26.7397003174
91.5858993530273,26.1061000823975
84.9512023925781,24.7443008422852
93.896697998,24.7600002289
94.1754989624,26.7315006256
92.9786987305,24.9129009247
92.6196975708,23.8405990601
94.0976028442383,27.2954998016357
95.0168991089,27.4839000702
93.7711029053,25.8838996887
85.0879974365,25.591299057
85.3217010498,23.3143005371
92.7846984863281,26.7091007232666
90.3012008666992,22.8010005950928
91.9638977050781,21.4521999359131
91.8133010864258,22.2495994567871
89.1607971191406,23.1837997436523
88.6165008544922,24.4372005462646
88.9088973999023,25.7591991424561
91.8667984008789,24.9631996154785
90.397783,23.843347
113.915000916,22.3089008331
74.7973022461,31.7096004486
82.8592987061,25.4524002075
76.7884979248047,30.6735000610352
78.1802978516,30.189699173
77.1031036376953,28.566499710083
78.2277984619141,26.2933006286621
73.0488967895508,26.2511005401611
75.8122024536,26.8241996765
74.8374023438,32.6890983582
80.3648986816406,26.4414005279541
77.5465011597,34.1358985901
80.8892974854,26.7605991364
74.7742004394531,33.9870986938477
80.8548965454102,24.5622997283936
102.161003112793,19.8973007202148
105.78099822998,15.1321001052856
102.56300354,17.9883003235
113.592002868652,22.1495990753174
106.590556,17.515
108.016998291016,14.3500003814697
83.4162979125977,27.5056991577148
85.3591003418,27.6965999603
81.6669998168945,28.1035995483398
83.9821014404297,28.2008991241455
87.2639999389648,26.4815006256104
76.4646987915,18.4115009308
77.6681976318,12.9499998093
77.7062988281,13.1978998184
80.7967987060547,16.5303993225098
77.0434036255,11.029999733
76.4019012451,10.1520004272
75.9552993774,11.1367998123
78.4298553467,17.2313175201
78.0933990479,9.83450984955
74.8900985718,12.9612998962
80.1692962646484,12.9900054931641
92.7296981811523,11.6412000656128
81.8181991577,17.1103992462
78.7097015380859,10.7653999328613
76.9200973511,8.48211956024
89.4245986938,27.4032001495
73.1556015014648,-0.693341970443726
73.1705017089844,6.74422979354858
73.5218963623047,1.85916996002197
73.5290985107422,4.19183015823364
72.9969024658203,0.488130986690521
72.8358333333,3.47055555556
100.607002258,13.9125995636
102.319000244,12.274600029
100.747001647949,13.6810998916626
101.004997253418,12.6799001693726
98.962600708,18.7667999268
97.9757995605469,19.3013000488281
99.5042037963867,18.2709007263184
100.782997131348,18.8078994750977
99.8828964233,19.952299118
101.194999695,16.6760005951
99.951499939,12.6361999512
98.5450973510742,16.6998996734619
99.8181991577148,17.238000869751
100.278999328613,16.7828998565674
99.135597229,9.13259983063
101.74299621582,6.51991987228394
99.9447021484375,8.5396203994751
98.9861984253,8.09912014008
100.06199646,9.54778957367
99.9555969238,8.47115039825
98.3169021606,8.11320018768
98.5855026245117,9.77762031555176
100.392997742,6.93320989609
99.6166000366211,7.50873994827271
102.788002014,17.3864002228
104.119003295898,17.1951007843018
102.783996582,16.4666004181
101.72200012207,17.4391002655029
103.252998352051,15.2294998168945
104.870002747,15.2512998581
103.774002075195,16.1168003082275
104.642997741699,17.3838005065918
108.120002747,12.668299675
106.724998474121,20.8194007873535
105.177777778,9.17766666667
109.21900177002,11.9982004165649
106.633003235,8.73182964325
105.71199798584,10.0851001739502
103.008003235,21.3974990845
108.198997497559,16.0438995361328
105.806999206543,21.2212009429932
107.70300293,16.4015007019
109.041999817,13.9549999237
108.016998291016,14.0045003890991
103.967002869,10.2270002365
105.132379532,9.95802997234
109.333999634,13.0495996475
106.652000427,10.8187999725
105.67099762,18.7376003265
98.2035980224609,14.1038999557495
96.7919998168945,20.7469997406006
99.6360015869141,21.3015995025635
93.534797668457,19.426399230957
98.5380020141602,10.0493001937866
97.2147979736328,19.691499710083
97.752197265625,22.9778995513916
95.977897644043,21.7021999359131
98.6214981079102,12.4398002624512
97.3518981933594,25.3836002349854
99.2567977905273,20.5167999267578
97.4263000488281,27.3299007415771
92.8725967407227,20.1326999664307
94.3001022338867,18.4606990814209
99.9354019165039,20.4838008880615
96.1332015991,16.9073009491
119.554000854492,-5.06162977218628
136.108001708984,-1.19001996517181
135.496002197266,-3.3681800365448
136.886993408203,-4.52827978134155
115.166999816895,-8.74816989898682
116.276675,-8.757322
140.516006469727,-2.57695007324219
138.957000732422,-4.10250997543335
140.417999267578,-8.52029037475586
117.569444444,3.32666666667
125.52799987793,3.68320989608765
119.910003662109,-0.91854202747345
124.926002502441,1.54926002025604
127.380996704102,0.831413984298706
115.435997009,-2.21655988693
132.731002807617,-5.66162014007568
128.089004516602,-3.71025991439819
112.787002563477,-7.37982988357544
132.266998291016,-2.92019009590149
133.695999145508,-3.64452004432678
134.04899597168,-0.891833007335663
131.121002197266,-0.926357984542847
113.019996643,3.12385010719
110.34700012207,1.48469996452332
115.01000213623,4.80830001831055
114.329002380371,4.17897987365723
113.986999511719,4.3220100402832
111.985000610352,2.26160001754761
115.478996276855,3.73389005661011
118.323997497559,5.03224992752075
116.051002502441,5.93721008300781
115.25,5.30068016052246
118.05899810791,5.90089988708496
118.127998352051,4.32015991210938
114.805000305176,4.04832983016968
114.928001403809,4.94420003890991
105.175556,-5.240556
101.444999694824,0.460786014795303
101.43399810791,1.60918998718262
107.575996398926,-6.90062999725342
104.119003296,1.12102997303
106.890998840332,-6.26661014556885
109.033996582,-7.64506006241
106.65599823,-6.1255698204
97.7046966552734,1.16638004779816
100.351997375,-0.874988973141
109.962997436523,-1.81664001941681
108.388000488281,3.90871000289917
109.403999328613,-0.150710999965668
112.936996459961,0.83557802438736
111.472999572754,0.063619002699852
102.338996887207,-3.8636999130249
104.699996948242,-2.89825010299683
103.879997253418,-3.2860701084137
100.28099822998,-0.786916971206665
95.4206371307,5.52287202401
104.160003662109,2.81818008422852
100.398002624512,6.18967008590698
102.292999267578,6.16685009002686
103.208999633789,3.77538990974426
101.092002868652,4.56796979904175
103.669998168945,1.64130997657776
101.709999084473,2.74557995796204
99.7286987304688,6.32973003387451
103.102996826172,5.38263988494873
100.277000427246,5.29714012145996
101.549003601074,3.13057994842529
125.526000977,-8.54640007019
103.86799621582,1.4169499874115
103.994003295898,1.3501900434494
117.80899810791,-34.9432983398438
151.617004395,-30.5280990601
130.975997924805,-25.1861000061035
145.307006836,-23.5652999878
133.901992797852,-23.8066997528076
153.117004394531,-27.3841991424561
153.505004883,-28.1644001007
145.429000854,-24.4277992249
145.755004883,-16.885799408
146.261993408,-26.4132995605
139.348007202148,-25.8974990844727
141.472000122,-32.0013999939
148.95199585,-20.3581008911
139.460006713867,-24.3460998535156
145.951995849609,-30.0391998291016
139.488998413,-20.6639003754
153.091003418,-26.6033000946
149.179992676,-21.1716995239
153.56199646,-28.8339004517
151.735000610352,-27.4113998413086
139.899993896484,-22.9132995605469
148.552001953,-20.4950008392
150.475006104,-23.3819007874
122.232002258301,-17.9447002410889
149.651992798,-33.4094009399
146.764999389648,-19.2525005340576
148.807006835938,-23.603099822998
152.319000244,-24.9039001465
141.925003052,-12.6786003113
113.671997070312,-24.8805999755859
145.794006347656,-31.5382995605469
134.720993041992,-29.0400009155273
140.503997803,-20.6686000824
133.710006713867,-32.1305999755859
145.184005737305,-15.4447002410889
145.621994018555,-28.0300006866455
148.376007080078,-30.9832992553711
143.113998413086,-13.7608003616333
148.973999023,-36.3005981445
146.429992676,-41.1697006226
135.570999146,-12.0193996429
148.179000854,-23.5674991608
121.822998046875,-33.684398651123
114.707000732422,-28.7961006164551
151.223007202,-23.8696994781
136.460006714,-13.9750003815
146.067001343,-34.2508010864
152.880004883,-25.3188991547
142.289993286,-10.586400032
147.333999634,-37.0475006104
143.878005981445,-39.877498626709
141.751007080078,-15.4856004714966
137.52099609375,-35.7139015197754
121.315002441406,-28.8780994415283
143.304992675781,-12.7868995666504
153.259994507,-28.8302993774
147.983993530273,-29.4566993713379
144.279998779,-23.4342002869
120.703002929688,-27.8432998657227
144.468994141,-38.0393981934
146.957992553711,-36.067798614502
118.547996520996,-26.6117000579834
149.901000977,-36.9085998535
134.23399353,-12.0560998917
147.509994507,-42.836101532
142.085998535,-34.2291984558
147.214004517,-41.54529953
145.102005004883,-37.9757995605469
144.843002319336,-37.6733016967773
117.842002868652,-28.1161003112793
149.845001221,-29.4988994598
148.07699585,-22.057800293
150.143997192,-35.8978004456
140.785003662109,-37.7456016540527
146.511993408,-34.7022018433
149.82699585,-30.3192005157
141.070007324219,-17.6835994720459
119.803001404,-23.4178009033
138.531005859375,-34.9449996948242
137.716995239258,-32.5069007873535
117.745002747,-23.1711006165
96.8339004517,-12.1883001328
130.876998901367,-12.4146995544434
136.817993164,-12.2693996429
116.773002625,-20.7122001648
121.461997986,-30.7894001007
148.238998413,-33.131401062
128.707992554,-15.7781000137
135.880004883,-34.6053009033
114.088996887,-22.2355995178
152.863006592,-31.4358005524
141.470993041992,-38.3180999755859
118.625999451,-20.3777999878
115.967002868652,-31.940299987793
105.690002441406,-10.4505996704102
144.253005981445,-26.6121997833252
148.774993896,-26.5450000763
149.195007324219,-35.3069000244141
153.115997314,-30.3206005096
148.574996948,-32.2167015076
113.577003479004,-25.8938999176025
167.938995361328,-29.0415992736816
151.177001953125,-33.9460983276367
150.847000122,-31.0839004517
147.466003418,-35.1652984619
143.811004638672,-27.986400604248
150.57600402832,-24.4939002990723
134.182998657227,-19.6343994140625
152.514007568,-31.8885993958
142.667007446289,-25.4130992889404
137.514007568359,-33.0588989257812
151.833999633789,-32.7949981689453
120.221000671387,-26.6291999816895
150.789001464844,-34.5611000061035
143.085998535156,-22.3635997772217
145.731002807617,-40.9989013671875
116.584999084473,40.0801010131836
118.907997131348,42.2350006103516
109.861388889,39.49
112.096666667,43.4225
114.425555556,36.5258333333
111.823997498,40.851398468
119.824996948,49.2050018311
116.388000488281,39.7827987670898
109.997001647949,40.560001373291
119.731002808,39.9681015015
114.696998596191,38.2807006835938
117.346000671,39.1244010925
122.199996948242,43.5567016601562
115.963996887207,43.915599822998
112.627998352051,37.746898651123
111.63999939,28.9188995361
109.7,27.4411111111
113.299003601074,23.3924007415771
113.220001221,28.1891994476
110.039001464844,25.2180995941162
111.610043,26.338661
108.171997070312,22.6082992553711
116.762001037598,23.4269008636475
113.375999450684,22.0063991546631
113.810997009277,22.6392993927002
109.390998840332,24.2075004577637
110.358001708984,21.2143993377686
113.841003417969,34.5196990966797
114.208000183105,30.7838001251221
111.479988333,30.556549722
110.458999633789,19.9349002838135
109.412002563477,18.3029003143311
125.669998168945,39.2240982055664
94.809196472168,40.1610984802246
94.7861022949219,36.4006004333496
106.009002685547,38.4818992614746
116.346666667,35.2927777778
103.620002747,36.5152015686
107.602996826172,35.7997016906738
102.042999267578,36.5275001525879
108.751998901367,34.4471015930176
105.154454,37.573125
102.802001953125,46.250301361084
96.2210998535156,46.3763999938965
100.704002380371,46.1632995605469
103.475997924805,48.8549995422363
104.430000305176,43.5917015075684
91.6281967163086,47.9541015625
100.098999023438,49.6632995605469
106.766998291016,47.8431015014648
100.319000244141,25.6494007110596
99.6772003173828,27.7936000823975
100.76000213623,21.9738998413086
100.246002197,26.6800003052
98.5317001342773,24.4011001586914
102.744003295898,24.9923992156982
118.127998352051,24.5440006256104
115.900001525879,28.8649997711182
115.734364,32.882157
119.66300201416,25.9351005554199
120.43399810791,30.2294998168945
117.176002502,29.3386001587
117.216003417969,36.8572006225586
118.899002075195,28.965799331665
116.747001648,25.6746997833
121.429000854492,28.5622005462646
121.46199798584,29.8267002105713
118.861999511719,31.742000579834
117.297996520996,31.7800006866455
121.805000305176,31.1434001922607
120.374000549,36.2661018372
118.589996337891,24.7964000701904
121.335998535156,31.1979007720947
118.255996704102,29.7332992553711
119.119003295898,36.6467018127441
122.228996276855,37.1870994567871
120.429000854,31.4944000244
118.000999450684,27.7019004821777
120.851997375488,27.9122009277344
117.555278,34.059056
121.372001647949,37.4016990661621
120.031997681,29.3446998596
97.1082992553711,30.5536003112793
106.641998291016,29.7192001342773
105.702003479004,32.3911018371582
106.801002502441,26.5384998321533
103.682222222,32.8533333333
90.9119033813477,29.2978000640869
104.740997314453,31.4281005859375
109.1499,26.32217
94.3352966308594,29.3033008575439
98.4858333333,24.9380555556
103.946998596191,30.5785007476807
102.18399810791,27.9890995025635
104.959444444,25.0863888889
107.0007,27.5895
80.2917022705078,41.2625007629395
85.5327987670898,38.1493988037109
86.1288986206055,41.6977996826172
76.0199966431,39.5429000854
79.8648986816406,37.038501739502
87.4741973876953,43.9071006774902
125.684997559,43.9962005615
126.25,45.6234016418457
127.308883667,50.1716209371
130.464996338,46.8433990479
121.061996459961,41.1013984680176
129.019125,47.7520555556
129.569000244,44.5241012573
122.43,52.9127777778
123.917999267578,47.2396011352539
121.539001464844,38.9656982421875
125.703333333,42.2538888889
123.483001708984,41.6398010253906
129.451004028,42.8828010559